Folder Name,Views and Downloads,Minutes Delivered,Average Minutes Delivered,Percent Completed,Last View Time,Last Position
Lecture1,1,10.30797465,10.30797465,72,10/2/20 0:25,618.478479
Lecture1,1,18.21885088,18.21885088,95,10/5/20 22:00,1188.664896
Lecture1,1,5.323012017,5.323012017,65,10/5/20 23:35,479.053065
Lecture1,2,0.055071183,0.027535592,1,10/5/20 23:35,3.304271
Lecture2,1,6.875658383,6.875658383,33,10/1/20 14:58,412.749137
Lecture2,2,0.855919917,0.427959958,9,10/1/20 14:59,50.372919
Lecture3,1,19.88724535,19.88724535,98,10/7/20 20:26,1196.528815
Lecture3,1,27.85964787,27.85964787,100,10/7/20 21:41,1671.578872
Lecture3,1,28.06127082,28.06127082,100,10/7/20 21:37,1504.929451
Lecture3,1,1.433933333,1.433933333,100,10/7/20 23:15,86.78581667
Lecture3,1,11.35295696,11.35295696,37,10/7/20 23:17,681.1774174
Lecture4,1,7.019123049,7.019123049,37,10/7/20 23:12,370.4039169
Background,3,6.939720858,2.313240286,100,10/3/20 11:20,202.8037715
Background,2,14.0731202,7.0365601,94,10/1/20 15:16,803.428171
Lecture1,2,13.17372205,6.586861025,68,9/28/20 13:42,1132.58799
Lecture1,1,5.361333433,5.361333433,66,9/28/20 13:49,517.824587
Lecture1,2,6.84971065,3.424855325,100,9/28/20 14:21,342.413805
Lecture1,3,13.95286227,4.650954089,93,9/28/20 14:21,841.313003
Lecture1,1,1.715659783,1.715659783,28,9/28/20 14:17,423.960919
Lecture2,1,21.33958333,21.33958333,100,9/30/20 11:26,1280.816853
Lecture2,1,10.4025,10.4025,100,9/30/20 11:47,625.214622
Lecture2,1,16.15329915,16.15329915,100,9/30/20 12:02,969.283272
Lecture2,1,8.869386967,8.869386967,98,9/30/20 12:27,532.511463
Lecture3,3,20.2200804,6.7400268,99,10/5/20 21:47,983.657512
Lecture3,2,14.14401317,7.072006583,60,10/5/20 22:03,1533.425355
Lecture3,5,23.12766272,4.625532543,92,10/5/20 21:35,340.493855
Lecture3,2,0.527469767,0.263734883,17,10/5/20 22:04,236.297058
Lecture3,2,1.4855929,0.74279645,23,10/5/20 22:08,486.568316
Lecture3,2,0.615717867,0.307858933,18,10/5/20 22:05,261.598076
Lecture3,2,0.937643333,0.468821667,66,10/5/20 22:09,86.802392
Lecture3,2,12.88122137,6.440610683,50,10/5/20 22:16,1880.818881
Lecture4,1,17.43352268,17.43352268,100,10/7/20 9:42,976.10891
Lecture4,2,8.266479433,4.133239717,100,10/7/20 9:47,452.444075
Lecture4,1,27.13777007,27.13777007,100,10/7/20 10:02,1462.828434
Lecture4,1,16.4651338,16.4651338,71,10/7/20 10:22,1571.676473
Lecture4,2,8.232133683,4.116066842,100,10/7/20 10:32,491.273646
Lecture5,3,14.30928708,4.769762361,100,10/7/20 18:31,437.514005
Lecture5,2,18.10283928,9.051419642,85,10/7/20 18:25,1257.617115
Lecture5,1,6.406692783,6.406692783,100,10/7/20 19:12,384.596567
Lecture5,1,2.522907617,2.522907617,100,10/7/20 19:16,151.446457
Lecture5,1,3.883586083,3.883586083,100,10/7/20 19:21,233.315681
Lecture5,1,8.061505933,8.061505933,100,10/7/20 19:32,385.757784
Lecture5,1,11.03522967,11.03522967,100,10/7/20 19:33,703.960403
Lecture2,1,20.7622173,20.7622173,93,10/8/20 4:52,1180.777644
Lecture2,1,16.14801228,16.14801228,100,10/8/20 5:00,969.177247
Lecture2,1,0.362862317,0.362862317,5,10/8/20 5:14,21.771739
Background,2,3.599907483,1.799953742,100,10/7/20 12:48,138.15499
Background,2,3.750187883,1.875093942,27,10/7/20 12:50,225.130194
Lecture1,2,20.47101917,10.23550958,100,9/28/20 22:45,1189.08548
Lecture1,1,9.446778733,9.446778733,100,9/28/20 22:53,517.784427
Lecture1,2,8.54726765,4.273633825,100,10/7/20 21:49,98.670738
Lecture1,1,15.89100308,15.89100308,100,9/28/20 23:22,869.542061
Lecture1,1,7.335107083,7.335107083,100,9/28/20 23:26,440.412879
Lecture2,1,21.33434468,21.33434468,100,9/30/20 20:54,1280.281241
Lecture2,2,8.49375635,4.246878175,83,9/30/20 21:03,624.963663
Lecture2,1,16.14947723,16.14947723,100,9/30/20 21:15,969.407909
Lecture2,1,8.863719317,8.863719317,100,9/30/20 21:15,532.56685
Lecture3,3,65.25788652,21.75262884,100,10/7/20 22:15,1189.877612
Lecture3,1,30.78170922,30.78170922,100,10/7/20 21:45,1670.919713
Lecture3,3,55.14839612,18.38279871,100,10/7/20 22:47,1504.732818
Lecture3,1,8.34271045,8.34271045,100,10/7/20 22:53,236.28524
Lecture3,1,19.28051038,19.28051038,100,10/7/20 23:04,488.749868
Lecture3,1,6.812168233,6.812168233,100,10/7/20 23:10,270.139574
Lecture3,1,2.112316867,2.112316867,100,10/7/20 23:59,70.578738
Lecture3,2,44.47760108,22.23880054,100,10/8/20 0:03,1333.579363
Lecture4,1,17.12485515,17.12485515,100,10/8/20 1:02,1002.86395
Lecture4,1,9.446554583,9.446554583,100,10/8/20 1:17,452.386468
Lecture4,1,22.8447123,22.8447123,93,10/8/20 1:33,1449.786914
Lecture4,1,26.36101383,26.36101383,100,10/8/20 1:49,1571.789728
Lecture4,1,8.181453017,8.181453017,100,10/8/20 1:53,491.444117
Background,2,3.558154017,1.779077008,100,9/29/20 1:14,213.562975
Background,1,13.21640415,13.21640415,93,9/29/20 1:23,794.945455
Lecture1,5,27.69567773,5.539135547,100,9/25/20 17:12,1185.542037
Lecture1,2,8.50864125,4.254320625,89,9/25/20 17:55,404.297804
Lecture1,3,14.52394115,4.841313717,76,9/25/20 18:13,869.766288
Lecture1,4,6.526603117,1.631650779,90,9/27/20 13:55,434.778053
Lecture2,3,24.61682493,8.205608311,92,9/30/20 18:30,1207.053567
Lecture2,6,8.6031683,1.433861383,76,9/30/20 18:49,79.053478
Lecture2,4,16.1067807,4.026695175,97,9/30/20 20:24,969.294556
Lecture2,2,2.1889226,1.0944613,36,9/30/20 20:32,531.39538
Lecture3,1,14.04827972,14.04827972,83,10/5/20 13:40,1189.37387
Lecture3,1,8.848446083,8.848446083,37,10/5/20 17:24,1654.218383
Lecture3,1,19.56929672,19.56929672,85,10/5/20 14:20,1504.349568
Lecture3,1,2.666841483,2.666841483,70,10/5/20 17:27,232.017216
Lecture3,1,2.744095183,2.744095183,44,10/5/20 17:31,481.121885
Lecture3,1,0.83240615,0.83240615,27,10/5/20 17:33,266.959636
Lecture3,1,0.91911375,0.91911375,63,10/5/20 17:43,86.726983
Lecture3,1,13.5018919,13.5018919,61,10/5/20 19:17,1851.634444
Lecture4,2,5.378627817,2.689313908,56,10/7/20 11:56,998.141762
Lecture4,2,2.645363767,1.322681883,44,10/7/20 12:02,56.088613
Lecture4,2,14.97737755,7.488688775,70,10/7/20 12:23,1459.332614
Lecture4,2,12.04144672,6.020723358,68,10/7/20 13:49,1537.263408
Lecture4,2,4.8437621,2.42188105,64,10/7/20 13:54,491.186233
Background,1,3.546791583,3.546791583,100,9/23/20 19:36,212.910916
Background,1,15.38915733,15.38915733,100,9/23/20 20:15,855.560088
Lecture1,1,20.1158824,20.1158824,100,9/26/20 12:54,1188.912842
Lecture1,1,8.713719489,8.713719489,100,9/26/20 13:06,517.8920627
Lecture1,1,6.735605359,6.735605359,100,9/28/20 13:58,404.4379166
Lecture1,1,13.66977681,13.66977681,99,9/28/20 14:11,869.8086342
Lecture1,2,9.860448951,4.930224475,100,9/28/20 14:25,440.3758992
Lecture3,2,19.91820852,9.95910426,100,10/7/20 10:29,1196.553349
Lecture3,1,28.02301779,28.02301779,100,10/8/20 7:47,1671.735241
Lecture3,1,20.67958209,20.67958209,76,10/7/20 11:01,1141.027184
Lecture3,1,1.433933333,1.433933333,100,10/10/20 12:34,86.74759107
Lecture3,2,31.31391253,15.65695626,100,10/10/20 14:23,1879.575388
Background,1,2.02427868,2.02427868,19,9/29/20 6:02,202.504936
Lecture1,1,20.35084593,20.35084593,100,9/28/20 13:08,1188.68461
Lecture1,1,8.463831533,8.463831533,99,9/28/20 13:15,517.998767
Lecture1,1,6.739351017,6.739351017,100,9/28/20 13:25,404.286127
Lecture1,1,16.49124172,16.49124172,100,9/28/20 13:39,869.740886
Lecture1,1,7.318591767,7.318591767,100,9/28/20 13:41,439.318006
Lecture2,1,21.59489148,21.59489148,100,9/30/20 16:12,1280.647363
Lecture2,1,10.39399713,10.39399713,100,9/30/20 16:22,626.57221
Lecture2,1,16.15225722,16.15225722,100,9/30/20 16:34,969.481565
Lecture2,1,8.862533333,8.862533333,100,9/30/20 16:39,532.450472
Lecture3,1,19.94805688,19.94805688,100,10/5/20 13:32,1196.667203
Lecture3,1,27.74727087,27.74727087,100,10/5/20 14:27,1656.956006
Lecture3,1,25.06115555,25.06115555,100,10/5/20 13:59,1504.637187
Lecture3,1,3.921284317,3.921284317,100,10/5/20 14:32,236.634094
Lecture3,1,8.1350936,8.1350936,100,10/5/20 15:37,489.824399
Lecture3,1,4.496267333,4.496267333,100,10/5/20 15:38,269.93704
Lecture3,1,1.430416667,1.430416667,100,10/5/20 15:42,86.716728
Lecture3,1,24.48313788,24.48313788,80,10/5/20 15:57,1817.599526
Lecture4,1,16.70705202,16.70705202,100,10/6/20 15:53,1002.935663
Lecture4,1,7.535434467,7.535434467,100,10/6/20 16:02,452.366818
Lecture4,1,24.36818327,24.36818327,100,10/6/20 16:15,1462.903057
Lecture4,1,8.301044567,8.301044567,36,10/6/20 16:26,1287.278158
Lecture4,1,6.785580233,6.785580233,83,10/6/20 16:26,407.315814
Lecture1,2,13.78714133,6.893570667,74,9/28/20 1:06,1188.647995
Lecture1,2,9.020289967,4.510144983,96,9/28/20 1:29,517.742355
Lecture1,1,6.554009067,6.554009067,98,9/28/20 4:13,404.281828
Lecture1,1,14.55788483,14.55788483,100,9/28/20 4:22,869.518399
Lecture1,1,4.975428283,4.975428283,80,9/28/20 4:26,438.246438
Lecture2,2,21.95721488,10.97860744,97,9/30/20 3:46,1280.308114
Lecture2,1,11.04419333,11.04419333,100,9/30/20 4:02,626.152809
Lecture2,1,16.27208505,16.27208505,100,9/30/20 4:20,969.228758
Lecture2,1,7.567035917,7.567035917,88,9/30/20 4:36,532.555228
Lecture3,1,20.5629926,20.5629926,99,10/3/20 22:18,1186.652383
Lecture3,1,11.77131913,11.77131913,45,10/4/20 3:56,913.561514
Lecture3,2,19.05010385,9.525051925,77,10/4/20 3:18,1227.190525
Lecture3,1,3.6650732,3.6650732,95,10/4/20 4:03,237.143088
Lecture3,1,3.30519785,3.30519785,48,10/4/20 4:07,485.42918
Lecture3,1,4.038807617,4.038807617,92,10/4/20 4:12,269.811939
Lecture3,1,1.429493383,1.429493383,100,10/4/20 4:27,86.693312
Lecture3,1,36.38938252,36.38938252,94,10/4/20 5:14,1708.574797
Lecture4,2,19.60566213,9.802831067,78,10/8/20 1:12,938.378084
Lecture4,1,7.427743617,7.427743617,100,10/8/20 1:18,452.298004
Lecture4,2,16.53411172,8.267055858,70,10/8/20 1:41,1142.562834
Lecture4,1,25.47596662,25.47596662,93,10/8/20 2:03,1516.389001
Lecture4,1,0.20785055,0.20785055,4,10/8/20 2:04,456.482665
Background,1,3.55485865,3.55485865,100,9/24/20 3:11,213.515754
Background,1,8.737043833,8.737043833,68,9/24/20 3:20,815.563146
Lecture1,1,17.40715718,17.40715718,98,9/29/20 1:50,1188.683505
Lecture1,1,10.04890772,10.04890772,100,10/1/20 5:50,404.247
Lecture1,2,43.88249407,21.94124703,100,10/1/20 6:04,869.656865
Lecture1,2,13.39046038,6.695230192,100,10/1/20 6:13,440.670418
Lecture2,2,19.38424407,9.692122033,91,10/1/20 7:39,1242.751831
Lecture2,2,7.582665733,3.791332867,73,10/1/20 7:48,624.955285
Lecture2,2,9.986782567,4.993391283,89,10/1/20 8:48,966.284351
Lecture2,2,8.8645673,4.43228365,100,10/1/20 10:07,532.513147
Lecture3,1,26.2051454,26.2051454,100,10/8/20 6:26,1196.437715
Lecture3,2,2.855627133,1.427813567,12,10/9/20 10:40,171.056377
Background,2,4.424807833,2.212403917,100,10/6/20 9:21,209.698953
Background,1,12.5078181,12.5078181,87,10/6/20 9:31,855.006845
Lecture2,1,0.04987817,0.04987817,1,9/24/20 10:23,2.992690207
Lecture1,1,20.33731953,20.33731953,100,9/24/20 5:26,1199.101654
Lecture1,1,9.364048783,9.364048783,100,9/24/20 6:30,517.895286
Lecture1,1,6.9553626,6.9553626,100,9/24/20 7:05,404.329069
Lecture1,1,15.35326303,15.35326303,100,9/24/20 7:31,869.635358
Lecture1,1,7.414199683,7.414199683,100,9/24/20 7:39,440.302562
Lecture3,2,24.09828255,12.04914128,100,10/3/20 9:02,440.554781
Lecture3,5,32.38290247,6.476580493,100,10/4/20 1:35,879.942697
Lecture3,1,25.28687923,25.28687923,100,10/3/20 8:41,1504.711077
Lecture3,1,4.164754367,4.164754367,99,10/4/20 1:48,236.539926
Lecture3,1,7.2521916,7.2521916,95,10/4/20 1:59,489.759102
Lecture3,1,4.583248333,4.583248333,100,10/4/20 2:02,269.953687
Lecture3,1,1.827401783,1.827401783,100,10/4/20 2:21,86.74639
Lecture3,1,32.44834255,32.44834255,100,10/4/20 3:05,1880.903888
Lecture4,1,16.89909527,16.89909527,100,10/6/20 21:45,1000.188571
Lecture4,2,9.43506305,4.717531525,99,10/6/20 22:39,452.400778
Lecture4,2,27.06639648,13.53319824,100,10/6/20 23:29,1462.921222
Lecture4,2,27.33207992,13.66603996,100,10/7/20 1:10,1571.844401
Lecture4,1,8.178978217,8.178978217,100,10/7/20 1:25,491.384862
Background,2,7.110173567,3.555086783,100,10/2/20 19:35,213.514958
Background,2,29.79558763,14.89779382,100,10/2/20 19:54,855.073178
Lecture2,1,0.20533915,0.20533915,2,10/2/20 12:13,115.139707
Lecture1,3,20.95840382,6.986134606,100,9/28/20 20:04,1.477342
Lecture1,2,12.12166892,6.060834458,100,9/28/20 20:07,10.397884
Lecture1,1,7.547843733,7.547843733,100,9/28/20 14:32,404.747065
Lecture1,1,13.78694887,13.78694887,97,9/28/20 14:58,869.656937
Lecture1,1,9.2046299,9.2046299,97,9/28/20 15:09,307.030734
Lecture2,2,19.71155852,9.855779258,79,10/2/20 13:41,747.202054
Lecture2,1,1.768528733,1.768528733,17,9/30/20 21:33,564.194297
Lecture2,1,8.861478067,8.861478067,100,9/30/20 20:42,532.634983
Lecture3,6,20.69058533,3.448430889,97,10/5/20 14:08,711.409086
Lecture3,3,29.7467856,9.9155952,100,10/5/20 12:23,1666.466562
Lecture3,7,36.4834803,5.211925757,100,10/5/20 13:54,262.091388
Lecture3,3,5.050633983,1.683544661,100,10/5/20 12:49,206.878474
Lecture3,3,8.405252233,2.801750744,100,10/5/20 13:25,331.633352
Lecture3,4,5.9604077,1.490101925,100,10/5/20 14:35,214.042791
Lecture3,5,2.8738614,0.57477228,100,10/6/20 11:56,87.148202
Lecture3,4,33.78180368,8.445450921,100,10/5/20 18:27,1276.662261
Lecture4,2,18.78871903,9.394359517,100,10/7/20 13:33,1002.979019
Lecture4,3,11.86003392,3.953344639,100,10/7/20 14:01,435.944773
Lecture4,2,29.50788583,14.75394292,100,10/7/20 14:43,1462.864202
Lecture4,5,33.47189295,6.69437859,100,10/7/20 16:40,1571.740388
Lecture4,3,9.134788467,3.044929489,100,10/7/20 16:54,491.241336
Lecture5,1,0.070375467,0.070375467,1,10/11/20 1:14,4.222528
Lecture5,1,0.03560315,0.03560315,1,10/11/20 1:15,2.136189
Lecture5,1,0.03537605,0.03537605,2,10/11/20 1:15,2.122563
Lecture5,1,0.022720517,0.022720517,1,10/11/20 1:15,1.363231
Lecture5,1,0.023881083,0.023881083,1,10/11/20 1:15,1.432865
Background,3,5.646522767,1.882174256,100,10/1/20 20:18,117.168265
Background,3,17.40415628,5.801385428,100,10/3/20 17:19,462.875236
Lecture1,4,24.28152228,6.070380571,100,9/26/20 16:06,1188.70796
Lecture1,4,9.774312917,2.443578229,100,9/26/20 16:19,517.851404
Lecture1,3,6.7393372,2.246445733,100,9/26/20 16:52,404.306024
Lecture1,3,14.55940978,4.853136594,97,9/26/20 17:12,869.623056
Lecture1,3,7.677861733,2.559287244,100,9/26/20 17:19,440.399245
Lecture3,2,21.08911035,10.54455518,100,10/4/20 11:34,1196.814541
Lecture3,2,6.859438767,3.429719383,43,10/4/20 15:27,1653.881992
Lecture3,2,26.2322826,13.1161413,98,10/4/20 12:18,1504.737396
Lecture3,1,3.89917745,3.89917745,100,10/4/20 15:37,236.263974
Lecture3,1,5.92580725,5.92580725,74,10/4/20 15:51,488.51445
Lecture3,4,2.147563767,0.536890942,53,10/4/20 16:44,206.056386
Lecture3,2,1.429583767,0.714791883,100,10/4/20 17:35,87.135339
Lecture3,2,27.53795198,13.76897599,87,10/4/20 18:06,1881.031015
Lecture4,1,16.51849127,16.51849127,99,10/7/20 9:54,7.98273
Lecture4,2,7.768071433,3.884035717,100,10/7/20 10:18,383.294655
Lecture4,2,20.37576317,10.18788158,88,10/7/20 10:43,1459.285923
Lecture4,1,22.88052612,22.88052612,92,10/7/20 11:38,1571.78889
Lecture4,2,7.9607615,3.98038075,92,10/7/20 11:49,26.721493
Background,1,3.748627733,3.748627733,100,9/28/20 9:30,213.57613
Background,2,15.98912385,7.994561925,100,9/28/20 10:09,855.06661
Lecture2,2,3.9698334,1.9849167,19,9/30/20 20:10,218.728921
Lecture2,1,0.550218517,0.550218517,6,9/30/20 20:10,33.104908
Lecture2,1,0.060612183,0.060612183,1,10/1/20 10:32,3.636731
Lecture3,2,22.4945222,11.2472611,100,10/4/20 19:38,26.869133
Lecture3,3,28.79504892,9.598349639,98,10/5/20 9:09,1671.45778
Lecture3,1,27.09064532,27.09064532,100,10/4/20 23:09,4.199243
Lecture3,1,5.12232895,5.12232895,100,10/5/20 9:16,72.103596
Lecture3,1,8.13232575,8.13232575,100,10/5/20 9:22,489.803977
Lecture3,1,4.592573183,4.592573183,100,10/5/20 16:22,6.656028
Lecture3,2,1.521120433,0.760560217,100,10/5/20 9:37,5.473534
Lecture3,3,30.71556522,10.23852174,95,10/5/20 18:39,1319.525484
Lecture4,1,17.14894203,17.14894203,100,10/6/20 20:32,1002.929914
Lecture4,3,7.7693939,2.589797967,100,10/7/20 12:05,452.368547
Lecture4,2,25.04437828,12.52218914,100,10/7/20 13:28,4.732795
Lecture4,1,28.19838167,28.19838167,100,10/7/20 21:31,1571.817595
Lecture4,1,8.1780597,8.1780597,100,10/7/20 21:38,495.236139
Lecture5,2,0.3903058,0.1951529,4,10/9/20 13:42,24.043602
Lecture1,4,24.53918287,6.134795717,100,10/5/20 21:48,938.101115
Lecture1,2,10.31500025,5.157500125,100,10/5/20 22:08,517.795813
Lecture1,1,6.724401833,6.724401833,100,10/5/20 22:58,404.329069
Lecture1,1,14.13223002,14.13223002,98,10/6/20 0:24,869.656937
Lecture1,2,6.686732233,3.343366117,86,10/6/20 0:33,433.389721
Lecture2,2,22.48813195,11.24406598,100,9/30/20 22:37,1280.457643
Lecture2,1,10.90541433,10.90541433,100,9/30/20 23:03,625.072155
Lecture2,1,17.12570367,17.12570367,100,9/30/20 23:58,969.389538
Lecture2,1,9.172140683,9.172140683,100,10/1/20 0:07,532.541067
Lecture3,1,20.58375443,20.58375443,100,10/6/20 1:40,1196.446076
Lecture3,2,6.627759267,3.313879633,24,10/8/20 1:07,397.249803
Lecture3,2,16.6049496,8.3024748,70,10/8/20 0:24,1357.242665
Lecture3,2,4.233765017,2.116882508,100,10/8/20 1:20,236.487507
Lecture3,4,7.637735033,1.909433758,88,10/8/20 1:42,489.889634
Lecture3,4,5.964280333,1.491070083,100,10/8/20 1:42,59.596919
Lecture3,2,1.440417883,0.720208942,100,10/8/20 1:56,86.738104
Lecture3,2,23.54923215,11.77461608,75,10/8/20 2:40,1403.036855
Lecture4,1,5.519573483,5.519573483,39,10/8/20 3:26,987.976167
Lecture4,1,7.347213567,7.347213567,98,10/8/20 3:27,452.497407
Lecture4,1,8.5425588,8.5425588,36,10/8/20 3:35,513.336234
Background,1,0.163877467,0.163877467,7,10/4/20 23:00,89.387682
Background,2,1.3445439,0.67227195,12,10/4/20 23:00,249.039564
Lecture1,3,20.13201209,6.710670698,100,9/28/20 20:53,1186.978166
Lecture1,1,8.626502553,8.626502553,100,9/28/20 21:08,517.5901532
Lecture1,1,6.735508922,6.735508922,100,9/28/20 21:19,404.1305353
Lecture1,1,14.4884907,14.4884907,100,9/28/20 21:29,869.6000901
Lecture1,1,7.338660007,7.338660007,100,9/28/20 21:45,440.3196004
Lecture2,1,37.138224,37.138224,100,9/30/20 20:52,1270.055314
Lecture3,3,60.35868608,20.11956203,100,10/8/20 12:59,1139.410421
Lecture3,1,27.8584625,27.8584625,100,10/6/20 6:18,1671.780657
Lecture3,3,51.60669245,17.20223082,100,10/6/20 6:02,1504.756721
Lecture3,4,12.05287012,3.013217529,100,10/9/20 15:10,16.371795
Lecture3,2,9.779765383,4.889882692,100,10/9/20 15:12,398.087324
Lecture3,1,1.431066667,1.431066667,100,10/6/20 6:56,86.711897
Lecture3,1,31.34435605,31.34435605,100,10/6/20 7:02,1880.856964
Lecture4,1,19.88293433,19.88293433,100,10/7/20 18:28,1003.030033
Lecture4,1,7.534869217,7.534869217,100,10/7/20 18:45,452.696155
Lecture4,1,24.52794777,24.52794777,100,10/7/20 19:36,1462.994017
Lecture4,2,26.1983238,13.0991619,100,10/7/20 19:47,1571.760104
Lecture4,1,8.18695,8.18695,100,10/7/20 20:15,491.375209
Lecture2,1,0.894602483,0.894602483,5,9/24/20 9:07,53.769457
Lecture2,1,2.480401617,2.480401617,22,9/22/20 18:19,115.693174
Lecture3,1,0.240431317,0.240431317,1,9/22/20 18:15,14.425879
Lecture5,1,20.43277248,20.43277248,100,9/21/20 16:43,890.421711
Lecture1,1,21.46715778,21.46715778,100,9/28/20 16:24,1188.670164
Lecture1,1,11.64321988,11.64321988,100,9/28/20 17:21,517.803921
Lecture1,1,7.241925717,7.241925717,100,9/28/20 17:51,404.250985
Lecture1,1,14.64946285,14.64946285,100,9/28/20 18:21,869.6047
Lecture1,1,7.471914817,7.471914817,100,9/28/20 18:34,440.397328
Lecture2,1,21.33761048,21.33761048,100,9/30/20 23:29,1280.338645
Lecture2,1,10.76760247,10.76760247,100,9/30/20 23:35,624.954551
Lecture2,1,9.274004767,9.274004767,100,10/1/20 7:57,532.553033
Lecture1,1,20.36706212,20.36706212,100,10/1/20 0:02,1188.709271
Lecture1,1,10.75552843,10.75552843,100,10/4/20 21:04,517.782902
Lecture1,1,8.12873845,8.12873845,100,10/4/20 22:03,404.317483
Lecture1,3,22.12614197,7.375380656,100,10/5/20 13:14,869.630938
Lecture1,1,7.5035274,7.5035274,100,10/5/20 13:35,440.363524
Lecture2,1,23.32431483,23.32431483,100,10/5/20 20:07,1280.347012
Lecture2,1,13.02510953,13.02510953,100,10/5/20 20:59,625.019284
Lecture2,2,24.01898637,12.00949318,100,10/6/20 5:05,969.245046
Lecture2,1,11.03041633,11.03041633,100,10/6/20 7:51,532.570082
Lecture3,1,21.25481765,21.25481765,100,10/10/20 22:37,1196.396772
Lecture3,1,5.91402805,5.91402805,24,10/11/20 2:22,355.019999
Background,2,3.661953967,1.830976983,100,10/6/20 22:51,6.088835
Background,3,19.22557125,6.40852375,100,10/6/20 23:06,855.066677
Lecture1,1,21.19976133,21.19976133,100,10/2/20 23:44,1188.711945
Lecture1,1,9.292009667,9.292009667,100,10/3/20 0:08,517.82453
Lecture1,2,7.208198483,3.604099242,100,10/3/20 20:09,404.243024
Lecture1,1,15.3603333,15.3603333,100,10/3/20 22:12,869.960668
Lecture1,1,7.434402933,7.434402933,100,10/3/20 22:20,440.349988
Lecture2,1,22.32077723,22.32077723,100,10/3/20 22:30,1280.346002
Lecture2,1,0.664743483,0.664743483,7,10/3/20 22:51,39.884609
Lecture2,1,17.75584787,17.75584787,100,10/4/20 13:29,969.652055
Lecture2,1,8.863444867,8.863444867,100,10/4/20 13:35,532.65201
Lecture3,1,20.3569627,20.3569627,99,10/5/20 17:36,1183.284819
Lecture3,2,47.91479558,23.95739779,98,10/10/20 0:13,1636.87053
Lecture3,2,29.66595995,14.83297998,100,10/6/20 1:16,1504.763683
Lecture3,1,0.782061067,0.782061067,20,10/10/20 0:16,46.923664
Lecture4,1,16.70545182,16.70545182,100,10/8/20 1:51,1003.022373
Lecture4,1,7.540283333,7.540283333,100,10/8/20 2:05,452.872283
Lecture4,1,32.45220568,32.45220568,100,10/9/20 13:45,1462.956248
Background,2,7.118299733,3.559149867,100,10/5/20 0:25,213.748579
Background,2,9.5830451,4.79152255,68,10/5/20 0:26,574.567009
Lecture1,6,37.89703992,6.316173319,100,10/6/20 14:40,795.350839
Lecture1,2,15.40702355,7.703511775,99,10/5/20 15:08,509.658489
Lecture1,1,6.732097983,6.732097983,100,9/29/20 16:21,404.037704
Lecture1,2,7.60495985,3.802479925,53,9/29/20 21:10,455.917375
Lecture1,1,7.40211775,7.40211775,100,9/29/20 21:21,4.091783
Background,1,3.55192005,3.55192005,100,10/5/20 22:56,213.516256
Background,1,8.5499781,8.5499781,61,10/5/20 23:10,514.425423
Lecture1,2,20.91121553,10.45560777,100,9/28/20 13:27,1188.72606
Lecture1,2,9.3219968,4.6609984,100,9/28/20 14:23,517.851404
Lecture1,2,6.71674665,3.358373325,100,9/28/20 15:00,403.325742
Lecture1,2,15.82845515,7.914227575,100,9/28/20 14:03,869.608754
Lecture1,3,7.59173365,2.530577883,100,9/28/20 15:12,434.727822
Lecture2,1,22.14300893,22.14300893,100,10/1/20 7:38,1280.31633
Lecture2,1,2.763996333,2.763996333,29,10/1/20 7:56,570.872305
Lecture3,1,19.81507648,19.81507648,100,10/6/20 7:11,1189.051263
Lecture3,1,21.48721027,21.48721027,79,10/6/20 7:56,1296.024841
Lecture4,1,16.71093503,16.71093503,100,10/8/20 6:50,1002.995697
Lecture4,2,7.542309933,3.771154967,100,10/8/20 7:05,452.419842
Lecture4,1,0.287459183,0.287459183,2,10/8/20 7:06,17.247551
Lecture4,1,26.75110587,26.75110587,100,10/8/20 7:31,1571.834688
Lecture4,1,8.335581483,8.335581483,100,10/8/20 7:46,491.311117
Background,4,3.707130583,0.926782646,100,10/3/20 9:50,213.616894
Background,3,13.87835482,4.626118272,91,10/5/20 14:32,426.996073
Lecture1,1,20.0645451,20.0645451,100,9/30/20 20:59,1188.641153
Lecture1,1,9.058610283,9.058610283,100,9/30/20 21:12,521.17825
Lecture1,1,6.202868783,6.202868783,93,9/30/20 21:23,372.329627
Lecture1,2,16.5855642,8.2927821,98,9/30/20 21:46,869.593132
Lecture1,2,7.3369963,3.66849815,100,9/30/20 21:53,441.32379
Lecture2,3,23.25822997,7.752743322,100,10/1/20 0:32,1280.325755
Lecture2,1,10.36936635,10.36936635,100,10/1/20 2:05,622.542966
Lecture2,1,16.15118517,16.15118517,100,10/1/20 2:19,969.156557
Lecture2,1,12.77466335,12.77466335,100,10/1/20 2:35,532.499537
Lecture3,1,20.50432025,20.50432025,99,10/5/20 21:19,1150.644638
Lecture3,5,40.06924898,8.013849797,100,10/6/20 3:17,1665.35993
Lecture3,1,29.94881498,29.94881498,100,10/5/20 22:02,1504.74791
Lecture3,2,3.93891575,1.969457875,100,10/6/20 0:28,236.301761
Lecture3,1,8.144103383,8.144103383,100,10/6/20 0:32,489.683794
Lecture3,1,4.49041285,4.49041285,100,10/6/20 0:40,269.801505
Lecture3,4,3.31159165,0.827897913,100,10/6/20 9:46,26.547499
Lecture3,2,39.82654502,19.91327251,100,10/6/20 9:45,1564.499215
Lecture4,5,16.9663057,3.39326114,100,10/7/20 23:16,14.645746
Lecture4,1,7.547297683,7.547297683,100,10/7/20 22:12,452.368634
Lecture4,2,25.2503817,12.62519085,98,10/7/20 23:29,1455.833734
Lecture4,2,34.23134537,17.11567268,100,10/8/20 0:36,1571.743376
Lecture4,1,8.181384817,8.181384817,100,10/8/20 0:42,491.188229
Lecture5,1,13.50728327,13.50728327,100,10/10/20 0:51,773.520013
Lecture5,1,21.70852955,21.70852955,100,10/10/20 1:30,1257.831244
Lecture5,2,6.713164017,3.356582008,100,10/10/20 6:34,18.466982
Lecture5,3,2.526909067,0.842303022,100,10/10/20 6:49,151.614544
Lecture5,1,3.89740445,3.89740445,100,10/10/20 6:39,233.370608
Lecture5,1,10.69077077,10.69077077,100,10/10/20 6:47,476.282298
Background,4,7.5973815,1.899345375,100,10/3/20 22:58,213.718816
Background,6,30.85964792,5.143274653,100,10/10/20 13:04,543.671177
Lecture1,4,3.50103535,0.875258838,42,10/7/20 23:47,7.514503
Lecture1,2,0.672658917,0.336329458,15,9/28/20 19:01,437.287448
Lecture3,3,2.609107783,0.869702594,29,10/7/20 23:44,1115.889968
Lecture3,3,0.0986135,0.032871167,1,10/7/20 23:44,5.395318
Lecture3,2,0.020443117,0.010221558,1,10/7/20 23:46,1.226587
Lecture4,1,0.018230783,0.018230783,1,10/7/20 23:39,1.093847
Lecture4,1,0.04218955,0.04218955,1,10/7/20 23:42,798.568372
Lecture4,2,0.213465233,0.106732617,4,10/8/20 9:03,1421.972122
Lecture4,2,0.037114683,0.018557342,1,10/8/20 9:03,421.854244
Lecture5,2,0.18892925,0.094464625,3,10/8/20 9:04,707.17798
Lecture5,1,0.037328333,0.037328333,1,10/7/20 23:32,2.2397
Lecture5,1,0.022975583,0.022975583,1,10/7/20 23:32,1.378535
Lecture5,1,0.050680433,0.050680433,1,10/7/20 23:32,3.040826
Background,1,0.1946663,0.1946663,3,10/3/20 18:21,635.508542
Lecture1,2,20.84666193,10.42333097,100,9/30/20 18:05,1188.663214
Lecture1,1,8.7288326,8.7288326,100,9/30/20 18:21,517.853814
Lecture1,1,6.73805,6.73805,100,9/30/20 18:27,404.289662
Lecture1,1,16.64442733,16.64442733,100,9/30/20 21:21,869.58853
Lecture1,2,7.339166667,3.669583333,100,9/30/20 21:31,440.412878
Lecture2,1,21.49999632,21.49999632,100,9/30/20 22:22,1280.284431
Lecture2,1,11.46109835,11.46109835,100,9/30/20 22:38,625.249973
Lecture2,1,16.44722858,16.44722858,98,9/30/20 23:00,948.245383
Lecture2,1,17.64402142,17.64402142,100,10/1/20 0:52,530.366314
Lecture3,2,30.03019105,15.01509553,100,10/6/20 3:38,962.008425
Lecture3,1,29.81138848,29.81138848,97,10/6/20 4:58,1671.600855
Lecture3,1,29.33284943,29.33284943,100,10/6/20 4:24,1504.817688
Lecture3,1,5.263140217,5.263140217,100,10/6/20 5:05,236.324173
Lecture3,1,8.834925817,8.834925817,100,10/6/20 5:15,489.767727
Lecture3,1,5.545339183,5.545339183,100,10/6/20 5:53,73.42239
Lecture3,1,1.792882533,1.792882533,100,10/6/20 5:55,20.485196
Lecture3,2,42.17700438,21.08850219,100,10/6/20 6:27,1880.897423
Lecture4,1,13.97410203,13.97410203,62,10/8/20 7:54,45.03649
Lecture4,2,8.98251985,4.491259925,100,10/8/20 21:35,452.440792
Lecture4,1,25.29407133,25.29407133,99,10/8/20 21:59,1443.933772
Lecture4,1,28.4899578,28.4899578,100,10/8/20 22:45,1192.818409
Lecture4,1,9.307079683,9.307079683,100,10/9/20 2:31,491.299323
Lecture5,1,15.07168148,15.07168148,100,10/9/20 2:45,773.473002
Lecture5,2,23.28741543,11.64370772,100,10/9/20 3:41,1257.78737
Lecture5,1,6.40974035,6.40974035,100,10/9/20 4:48,384.584421
Lecture5,1,2.526767917,2.526767917,100,10/9/20 4:55,151.606075
Lecture5,1,3.890466667,3.890466667,100,10/9/20 4:58,233.97994
Lecture5,1,7.67294075,7.67294075,90,10/9/20 7:00,476.381131
Background,1,3.557167533,3.557167533,100,10/1/20 1:23,213.575093
Background,4,49.55832857,12.38958214,100,10/3/20 3:42,435.772932
Lecture1,1,22.05454443,22.05454443,100,9/29/20 5:47,1188.624996
Lecture1,1,9.983149117,9.983149117,100,9/29/20 6:02,517.78131
Lecture1,1,6.902894617,6.902894617,100,9/29/20 6:08,404.329069
Lecture1,1,15.63597888,15.63597888,100,9/29/20 6:26,869.66234
Lecture1,1,7.338862867,7.338862867,100,9/29/20 6:47,440.797682
Lecture2,1,24.26682617,24.26682617,100,10/1/20 4:37,1280.552084
Lecture2,2,13.38805457,6.694027283,100,10/1/20 5:09,234.217454
Lecture2,1,17.93263378,17.93263378,100,10/1/20 5:32,969.273562
Lecture2,1,9.022644683,9.022644683,100,10/1/20 5:41,532.491244
Lecture3,2,23.9023538,11.9511769,100,10/6/20 5:45,10.24481
Lecture3,1,28.7330234,28.7330234,100,10/6/20 3:56,1504.754876
Lecture3,1,3.934287267,3.934287267,100,10/6/20 5:07,236.289812
Lecture3,1,8.949091217,8.949091217,100,10/6/20 5:19,489.991756
Lecture3,2,5.089873233,2.544936617,100,10/6/20 5:24,269.899008
Lecture3,2,1.433933333,0.716966667,100,10/6/20 5:26,86.763151
Lecture4,1,23.46956132,23.46956132,100,10/8/20 4:38,1002.90104
Lecture4,1,8.63993755,8.63993755,100,10/8/20 4:53,452.965165
Lecture4,2,27.5899572,13.7949786,100,10/9/20 16:33,795.945425
Lecture4,1,25.3769756,25.3769756,98,10/8/20 6:31,1528.719659
Lecture4,1,8.931917483,8.931917483,100,10/8/20 6:39,491.241359
Background,1,4.086386517,4.086386517,100,9/29/20 11:14,213.649988
Background,2,16.73685608,8.368428042,99,9/29/20 11:56,854.967338
Lecture1,1,20.59186782,20.59186782,93,9/29/20 9:10,1188.696235
Lecture1,1,8.79628115,8.79628115,100,9/29/20 9:30,518.250287
Lecture1,2,7.03916175,3.519580875,100,9/29/20 10:24,402.756496
Lecture1,1,15.5422059,15.5422059,100,9/29/20 13:55,847.994252
Lecture1,1,7.074711717,7.074711717,98,9/29/20 14:10,433.042861
Lecture3,2,22.08987908,11.04493954,100,10/6/20 13:27,1.685829
Lecture3,1,1.149295433,1.149295433,5,10/6/20 15:09,69.120784
Lecture3,1,24.79393733,24.79393733,90,10/6/20 13:27,1479.47403
Background,1,5.091091167,5.091091167,100,10/6/20 16:56,213.558612
Background,1,12.97619995,12.97619995,77,10/6/20 19:07,403.12829
Lecture1,5,24.82455107,4.964910213,100,9/29/20 3:11,1188.681723
Lecture1,1,8.81932015,8.81932015,100,9/29/20 3:23,517.851427
Lecture1,1,6.721769717,6.721769717,100,9/29/20 3:51,404.254027
Lecture1,1,15.95790108,15.95790108,100,9/29/20 4:20,869.896476
Lecture1,1,6.27865785,6.27865785,94,9/29/20 4:29,439.454964
Lecture2,5,25.23986482,5.047972963,99,10/1/20 2:49,190.760246
Lecture2,2,10.16137237,5.080686183,98,10/1/20 2:59,609.652834
Lecture2,2,22.1080934,11.0540467,100,10/1/20 3:51,963.538484
Lecture2,1,9.1073388,9.1073388,100,10/1/20 4:25,532.822483
Lecture3,2,21.11871075,10.55935538,100,10/6/20 0:48,1193.845326
Lecture3,2,16.67914893,8.339574467,51,10/6/20 6:34,837.71579
Lecture3,6,25.63809973,4.273016622,99,10/6/20 2:08,1485.580274
Lecture3,1,4.119194483,4.119194483,100,10/6/20 4:53,236.388206
Lecture3,1,8.151609517,8.151609517,100,10/6/20 5:15,489.969365
Lecture3,1,4.507618683,4.507618683,100,10/6/20 5:26,270.09043
Lecture3,2,1.385784933,0.692892467,97,10/6/20 5:53,83.073148
Lecture3,3,32.2250478,10.7416826,100,10/6/20 7:30,1864.687554
Lecture4,2,10.31390335,5.156951675,63,10/8/20 4:54,643.139189
Lecture4,4,23.7304649,5.932616225,85,10/8/20 7:57,1269.614826
Background,1,3.950298917,3.950298917,100,9/28/20 23:06,213.532073
Background,2,22.1143392,11.0571696,100,10/5/20 4:27,402.650718