Order,State,Democrat,Republican,Returns,Outcome
1,Alabama District 1,Kennedy 36.7,Byrne 63.3,-100%,GOP Hold
2,Alabama District 2,Isner 38.5,Roby 61.5,-100%,GOP Hold
3,Alabama District 3,Hagan 36.1,Rogers 63.9,-100%,GOP Hold
4,Alabama District 4,Auman 20.1,Aderholt 79.9,-100%,GOP Hold
5,Alabama District 5,Joffrion 38.9,Brooks 61.1,-100%,GOP Hold
6,Alabama District 6,Kline 30.6,Palmer 69.4,-98%,GOP Hold
7,Alabama District 7,Sewell 0.0,,0%,Dem Hold
9,Alaska District 1,,Young 54.2,-98%,GOP Hold
11,Arizona District 1,O'Halleran 53.3,Rogers 46.7,-99%,
12,Arizona District 2,Kirkpatrick 53.3,Marquez Peterson 46.7,-99%,Dem Pickup
13,Arizona District 3,Grijalva 61.4,Pierson 38.6,-98%,Dem Hold
14,Arizona District 4,Brill 29.8,Gosar 69.0,-99%,GOP Hold
15,Arizona District 5,Greene 40.0,Biggs 60.0,-100%,GOP Hold
16,Arizona District 6,Malik 43.6,Schweikert 56.4,-100%,GOP Hold
17,Arizona District 7,Gallego 84.3,,-100%,Dem Hold
18,Arizona District 8,Tipirneni 43.3,Lesko 56.7,-100%,GOP Hold
19,Arizona District 9,Stanton 59.5,Ferrara 40.5,-99%,Dem Hold
21,Arkansas District 1,Desai 28.7,Crawford 69.1,-100%,GOP Hold
22,Arkansas District 2,Tucker 45.8,Hill 52.2,-100%,GOP Hold
23,Arkansas District 3,Mahony 32.5,Womack 64.9,-98%,GOP Hold
24,Arkansas District 4,Shamel 31.2,Westerman 66.8,-100%,GOP Hold
26,California District 1,Denney 43.9,LaMalfa 56.1,-100%,GOP Hold
27,California District 2,Huffman 74.3,Mensing 25.7,-100%,Dem Hold
28,California District 3,Garamendi 57.2,Schaupp 42.8,-100%,Dem Hold
29,California District 4,Morse 44.7,McClintock 55.3,-100%,GOP Hold
30,California District 5,Thompson 78.0,,-100%,Dem Hold
31,California District 6,Matsui 79.7,,-100%,Dem Hold
32,California District 7,Bera 52.7,Grant 47.3,-100%,Dem Hold
33,California District 8,,Cook 60.3,-100%,GOP Hold
34,California District 9,McNerney 54.3,Livengood 45.7,-100%,Dem Hold
35,California District 10,Harder 49.4,Denham 50.6,-100%,
36,California District 11,DeSaulnier 71.9,Fitzgerald 28.1,-100%,Dem Hold
37,California District 12,Pelosi 85.5,Remmer 14.5,-100%,Dem Hold
38,California District 13,Lee 87.7,,-100%,Dem Hold
39,California District 14,Speier 76.4,Osmena 23.6,-100%,Dem Hold
40,California District 15,Swalwell 70.0,Peters 30.0,-100%,Dem Hold
41,California District 16,Costa 54.4,Heng 45.6,-100%,Dem Hold
42,California District 17,Khanna 72.5,Cohen 27.5,-100%,Dem Hold
43,California District 18,Eshoo 71.4,Russell 28.6,-100%,Dem Hold
44,California District 19,Lofgren 70.3,Aguilera 29.7,-100%,Dem Hold
45,California District 20,Panetta 79.0,,-100%,Dem Hold
46,California District 21,Cox 46.3,Valadao 53.7,-100%,GOP Hold
47,California District 22,Janz 44.2,Nunes 55.8,-100%,GOP Hold
48,California District 23,Matta 33.5,McCarthy 66.5,-100%,GOP Hold
49,California District 24,Carbajal 56.0,Fareed 44.0,-100%,Dem Hold
50,California District 25,Hill 51.3,Knight 48.7,-100%,
51,California District 26,Brownley 59.4,Sabato 40.6,-100%,Dem Hold
52,California District 27,Chu 78.4,,-100%,Dem Hold
53,California District 28,Schiff 76.4,Nalbandian 23.6,-100%,Dem Hold
54,California District 29,Cardenas 79.2,Bernal 20.8,-100%,Dem Hold
55,California District 30,Sherman 71.4,Reed 28.6,-100%,Dem Hold
56,California District 31,Aguilar 56.1,Flynn 43.9,-100%,Dem Hold
57,California District 32,Napolitano 66.7,Scott 33.3,-100%,Dem Hold
58,California District 33,Lieu 68.0,Wright 32.0,-100%,Dem Hold
59,California District 34,Gomez 74.2,,-100%,Dem Hold
60,California District 35,Torres 67.6,Valiente 32.4,-100%,Dem Hold
61,California District 36,Ruiz 56.4,Pelzer 43.6,-100%,Dem Hold
62,California District 37,Bass 88.2,Bassilian 11.8,-100%,Dem Hold
63,California District 38,Sanchez 66.9,Downing 33.1,-100%,Dem Hold
64,California District 39,Cisneros 48.7,Kim 51.3,-100%,
65,California District 40,Roybal-Allard 77.9,,-100%,Dem Hold
66,California District 41,Takano 60.4,Smith 39.6,-100%,Dem Hold
67,California District 42,Peacock 40.6,Calvert 59.4,-100%,GOP Hold
68,California District 43,Waters 75.8,Navarro 24.2,-100%,Dem Hold
69,California District 44,Barragan 69.4,,-100%,Dem Hold
70,California District 45,Porter 48.3,Walters 51.7,-100%,
71,California District 46,Correa 63.4,Lambert 36.6,-100%,Dem Hold
72,California District 47,Lowenthal 62.4,Briscoe 37.6,-100%,Dem Hold
73,California District 48,Rouda 50.7,Rohrabacher 49.3,-100%,
74,California District 49,Levin 52.4,Harkey 47.6,-66%,
75,California District 50,Campa-Najjar 45.8,Hunter 54.2,-71%,GOP Hold
76,California District 51,Vargas 67.0,Hidalgo 33.0,-77%,Dem Hold
77,California District 52,Peters 60.8,Qudrat 39.2,-77%,Dem Hold
78,California District 53,Davis 65.3,Murtaugh 34.7,-71%,Dem Hold
80,Colorado District 1,DeGette 71.6,Stockham 25.9,-59%,Dem Hold
81,Colorado District 2,Neguse 60.3,Yu 34.4,-86%,Dem Hold
82,Colorado District 3,Mitsch Bush 43.3,Tipton 52.0,-93%,GOP Hold
83,Colorado District 4,McCormick 38.0,Buck 62.0,-95%,GOP Hold
84,Colorado District 5,Spaulding 38.1,Lamborn 58.6,-76%,GOP Hold
85,Colorado District 6,Crow 53.1,Coffman 44.2,-88%,Dem Pickup
86,Colorado District 7,Perlmutter 59.7,Barrington 36.8,-86%,Dem Hold
88,Connecticut District 1,Larson 63.0,Nye 35.9,-96%,Dem Hold
89,Connecticut District 2,Courtney 62.1,Postemski 35.5,-100%,Dem Hold
90,Connecticut District 3,DeLauro 62.0,Cadena 38.0,-82%,Dem Hold
91,Connecticut District 4,Himes 60.9,Arora 39.1,-100%,Dem Hold
92,Connecticut District 5,Hayes 55.9,Santos 44.1,-96%,Dem Hold
94,Delaware District 1,Rochester 64.5,Walker 35.5,-100%,Dem Hold
96,Florida District 1,Zimmerman 32.9,Gaetz 67.1,-100%,GOP Hold
97,Florida District 2,Rackleff 32.5,Dunn 67.5,-100%,GOP Hold
98,Florida District 3,Hayes Hinson 42.3,Yoho 57.7,-100%,GOP Hold
99,Florida District 4,Selmont 32.3,Rutherford 65.2,-100%,GOP Hold
100,Florida District 5,Lawson 66.8,Fuller 33.2,-100%,Dem Hold
101,Florida District 6,Soderberg 43.7,Waltz 56.3,-100%,GOP Hold
102,Florida District 7,Murphy 57.7,Miller 42.3,-100%,Dem Hold
103,Florida District 8,Patel 39.5,Posey 60.5,-100%,GOP Hold
104,Florida District 9,Soto 58.0,Liebnitzky 42.0,-100%,Dem Hold
105,Florida District 10,Demings 0.0,,0%,Dem Hold
106,Florida District 11,Cottrell 34.8,Webster 65.2,-100%,GOP Hold
107,Florida District 12,Hunter 39.7,Bilirakis 58.1,-100%,GOP Hold
108,Florida District 13,Crist 57.6,Buck 42.4,-100%,Dem Hold
109,Florida District 14,Castor 0.0,,0%,Dem Hold
110,Florida District 15,Carlson 46.9,Spano 53.1,-100%,GOP Hold
111,Florida District 16,Shapiro 45.4,Buchanan 54.6,-100%,GOP Hold
112,Florida District 17,Freeman-Allen Ellison 37.7,Steube 62.3,-100%,GOP Hold
113,Florida District 18,Baer 45.6,Mast 54.4,-100%,GOP Hold
114,Florida District 19,Holden 37.7,Rooney 62.3,-100%,GOP Hold
115,Florida District 20,Hastings 0.0,,0%,Dem Hold
116,Florida District 21,Frankel 0.0,,0%,Dem Hold
117,Florida District 22,Deutch 61.8,Kimaz 38.2,-100%,Dem Hold
118,Florida District 23,Wasserman Schultz 58.4,Kaufman 36.1,-100%,Dem Hold
119,Florida District 24,Wilson 0.0,,0%,Dem Hold
120,Florida District 25,Barzee Flores 39.5,Diaz-Balart 60.5,-100%,GOP Hold
121,Florida District 26,Mucarsel-Powell 50.9,Curbelo 49.1,-100%,Dem Pickup
122,Florida District 27,Shalala 51.8,Salazar 45.8,-100%,Dem Pickup
124,Georgia District 1,Ring 42.0,Carter 58.0,-100%,GOP Hold
125,Georgia District 2,Bishop 59.6,West 40.4,-100%,Dem Hold
126,Georgia District 3,Enderlin 34.4,Ferguson 65.6,-100%,GOP Hold
127,Georgia District 4,Johnson 78.9,Profit 21.1,-100%,Dem Hold
128,Georgia District 5,Lewis 0.0,,0%,Dem Hold
129,Georgia District 6,McBath 50.3,Handel 49.7,-100%,
130,Georgia District 7,Bourdeaux 49.3,Woodall 50.7,-100%,
131,Georgia District 8,,Scott 0.0,0%,GOP Hold
132,Georgia District 9,McCall 20.4,Collins 79.6,-100%,GOP Hold
133,Georgia District 10,Johnson-Green 36.7,Hice 63.3,-100%,GOP Hold
134,Georgia District 11,Broady 38.1,Loudermilk 61.9,-100%,GOP Hold
135,Georgia District 12,Johnson 40.5,Allen 59.5,-100%,GOP Hold
136,Georgia District 13,Scott 76.1,Callahan 23.9,-100%,Dem Hold
137,Georgia District 14,Foster 23.5,Graves 76.5,-100%,GOP Hold
139,Hawaii District 1,Case 73.2,Cavasso 23.0,-100%,Dem Hold
140,Hawaii District 2,Gabbard 77.3,Evans 22.7,-100%,Dem Hold
142,Idaho District 1,McNeil 30.4,Fulcher 63.1,-96%,GOP Hold
143,Idaho District 2,Swisher 39.3,Simpson 60.7,-100%,GOP Hold
145,Illinois District 1,Rush 72.6,Tillman 20.6,-98%,Dem Hold
146,Illinois District 2,Kelly 80.7,Merkle 19.3,-99%,Dem Hold
147,Illinois District 3,Lipinski 73.5,Jones 26.5,-99%,Dem Hold
148,Illinois District 4,Garcia 86.5,Lorch 13.5,-98%,Dem Hold
149,Illinois District 5,Quigley 76.1,Hanson 23.9,-99%,Dem Hold
150,Illinois District 6,Casten 52.8,Roskam 47.2,-100%,Dem Pickup
151,Illinois District 7,Davis 87.8,Cameron 12.2,-98%,Dem Hold
152,Illinois District 8,Krishnamoorthi 65.6,Diganvker 34.4,-100%,Dem Hold
153,Illinois District 9,Schakowsky 73.0,Elleson 27.0,-99%,Dem Hold
154,Illinois District 10,Schneider 65.4,Bennett 34.6,-100%,Dem Hold
155,Illinois District 11,Foster 63.6,Stella 36.4,-100%,Dem Hold
156,Illinois District 12,Kelly 45.2,Bost 51.8,-100%,GOP Hold
157,Illinois District 13,Dirksen Londrigan 49.3,Davis 50.7,-100%,GOP Hold
158,Illinois District 14,Underwood 51.9,Hultgren 48.1,-100%,Dem Pickup
159,Illinois District 15,Gaither 28.0,Shimkus 72.0,-100%,GOP Hold
160,Illinois District 16,Dady 40.3,Kinzinger 59.7,-100%,GOP Hold
161,Illinois District 17,Bustos 61.8,Fawell 38.2,-100%,Dem Hold
162,Illinois District 18,Rodriguez 32.5,LaHood 67.5,-100%,GOP Hold
164,Indiana District 1,Visclosky 67.4,Leyva 32.6,-82%,Dem Hold
165,Indiana District 2,Hall 42.9,Walorski 57.1,-94%,GOP Hold
166,Indiana District 3,Tritch 35.3,Banks 64.7,-97%,GOP Hold
167,Indiana District 4,Beck 35.9,Baird 64.1,-91%,GOP Hold
168,Indiana District 5,Thornton 40.5,Brooks 59.5,-97%,GOP Hold
169,Indiana District 6,Lake 33.4,Pence 63.4,-85%,GOP Hold
170,Indiana District 7,Carson 61.6,Harmon 38.4,-90%,Dem Hold
171,Indiana District 8,Tanoos 35.5,Bucshon 64.5,-96%,GOP Hold
172,Indiana District 9,Watson 40.5,Hollingsworth 59.5,-86%,GOP Hold
174,Iowa District 1,Finkenauer 50.9,Blum 46.0,-100%,Dem Pickup
175,Iowa District 2,Loebsack 54.8,Peters 42.6,-100%,Dem Hold
176,Iowa District 3,Axne 49.0,Young 47.5,-100%,Dem Pickup
177,Iowa District 4,Scholten 47.0,King 50.4,-100%,GOP Hold
179,Kansas District 1,LaPolice 31.6,Marshall 68.4,-100%,GOP Hold
180,Kansas District 2,Davis 46.4,Watkins 48.1,-100%,GOP Hold
181,Kansas District 3,Davids 53.3,Yoder 44.2,-100%,Dem Pickup
182,Kansas District 4,Thompson 40.2,Estes 59.8,-100%,GOP Hold
184,Kentucky District 1,Walker 31.4,Comer 68.6,-100%,GOP Hold
185,Kentucky District 2,Linderman 31.1,Guthrie 66.7,-100%,GOP Hold
186,Kentucky District 3,Yarmuth 62.1,Glisson 36.6,-100%,Dem Hold
187,Kentucky District 4,Hall 34.6,Massie 62.2,-100%,GOP Hold
188,Kentucky District 5,Stepp 21.1,Rogers 78.9,-100%,GOP Hold
189,Kentucky District 6,McGrath 47.8,Barr 51.0,-100%,GOP Hold
191,Louisiana District 1,Savoie 16.4,Scalise 71.5,-100%,GOP Hold
192,Louisiana District 2,Richmond 80.6,,-100%,Dem Hold
193,Louisiana District 3,Methvin 17.8,Higgins 55.7,-100%,GOP Hold
194,Louisiana District 4,Trundle 33.6,Johnson 64.2,-100%,GOP Hold
195,Louisiana District 5,Fleenor 30.0,Abraham 66.5,-100%,GOP Hold
196,Louisiana District 6,Dewitt 20.5,Graves 69.5,-100%,GOP Hold
198,Maine District 1,Pingree 59.1,Holbrook 32.1,-92%,Dem Hold
199,Maine District 2,Golden 45.8,Poliquin 46.1,-79%,
201,Maryland District 1,Colvin 37.6,Harris 60.6,-100%,GOP Hold
202,Maryland District 2,Ruppersberger 65.8,Matory 31.1,-100%,Dem Hold
203,Maryland District 3,Sarbanes 68.6,Anthony 28.8,-100%,Dem Hold
204,Maryland District 4,Brown 77.9,McDermott 20.2,-100%,Dem Hold
205,Maryland District 5,Hoyer 70.2,Devine 27.4,-100%,Dem Hold
206,Maryland District 6,Trone 57.7,Hoeber 39.4,-100%,Dem Hold
207,Maryland District 7,Cummings 76.0,Davis 21.7,-99%,Dem Hold
208,Maryland District 8,Raskin 66.9,Walsh 31.6,-100%,Dem Hold
210,Massachusetts District 1,Neal 0.0,,0%,Dem Hold
211,Massachusetts District 2,McGovern 67.9,Lovvorn 32.1,-87%,Dem Hold
212,Massachusetts District 3,Trahan 61.0,Green 34.4,-85%,Dem Hold
213,Massachusetts District 4,Kennedy 0.0,,0%,Dem Hold
214,Massachusetts District 5,Clark 76.3,Hugo 23.7,-91%,Dem Hold
215,Massachusetts District 6,Moulton 65.7,Schneider 30.9,-86%,Dem Hold
216,Massachusetts District 7,Pressley 0.0,,0%,Dem Hold
217,Massachusetts District 8,Lynch 0.0,,0%,Dem Hold
218,Massachusetts District 9,Keating 59.6,Tedeschi 40.4,-86%,Dem Hold
220,Michigan District 1,Morgan 43.7,Bergman 56.3,-100%,GOP Hold
221,Michigan District 2,Davidson 43.0,Huizenga 55.3,-100%,GOP Hold
222,Michigan District 3,Albro 42.5,Amash 55.1,-100%,GOP Hold
223,Michigan District 4,Hilliard 37.4,Moolenaar 62.6,-100%,GOP Hold
224,Michigan District 5,Kildee 59.5,Wines 35.9,-100%,Dem Hold
225,Michigan District 6,Longjohn 45.7,Upton 50.2,-100%,GOP Hold
226,Michigan District 7,Driskell 46.2,Walberg 53.8,-100%,GOP Hold
227,Michigan District 8,Slotkin 50.6,Bishop 46.8,-100%,Dem Pickup
228,Michigan District 9,Levin 59.6,Stearns 36.8,-100%,Dem Hold
229,Michigan District 10,Bizon 35.0,Mitchell 60.3,-100%,GOP Hold
230,Michigan District 11,Stevens 52.1,Epstein 44.9,-100%,Dem Pickup
231,Michigan District 12,Dingell 69.2,Jones 27.9,-88%,Dem Hold
232,Michigan District 13,Tlaib 88.7,,-74%,Dem Hold
233,Michigan District 14,Lawrence 82.8,Herschfus 15.4,-95%,Dem Hold
235,Minnesota District 1,Feehan 49.8,Hagedorn 50.2,-100%,
236,Minnesota District 2,Craig 52.8,Lewis 47.2,-100%,Dem Pickup
237,Minnesota District 3,Phillips 55.7,Paulsen 44.3,-100%,Dem Pickup
238,Minnesota District 4,McCollum 66.0,Ryan 29.8,-100%,Dem Hold
239,Minnesota District 5,Omar 78.2,Zielinski 21.8,-100%,Dem Hold
240,Minnesota District 6,Todd 38.8,Emmer 61.2,-100%,GOP Hold
241,Minnesota District 7,Peterson 52.1,Hughes 47.9,-100%,Dem Hold
242,Minnesota District 8,Radinovich 45.2,Stauber 50.7,-100%,GOP Pickup
244,Mississippi District 1,Wadkins 32.3,Kelly 67.0,-99%,GOP Hold
245,Mississippi District 2,Thompson 71.9,,-98%,Dem Hold
246,Mississippi District 3,Evans 36.3,Guest 62.7,-100%,GOP Hold
247,Mississippi District 4,Anderson 29.5,Palazzo 69.5,-85%,GOP Hold
249,Missouri District 1,Clay 80.1,Vroman 16.7,-100%,Dem Hold
250,Missouri District 2,VanOstran 47.1,Wagner 51.3,-100%,GOP Hold
251,Missouri District 3,Geppert 32.8,Luetkemeyer 65.1,-100%,GOP Hold
252,Missouri District 4,Hoagenson 32.8,Hartzler 64.7,-100%,GOP Hold
253,Missouri District 5,Cleaver 61.6,Turk 35.7,-100%,Dem Hold
254,Missouri District 6,Martin 32.0,Graves 65.4,-100%,GOP Hold
255,Missouri District 7,Schoolcraft 30.0,Long 66.3,-100%,GOP Hold
256,Missouri District 8,Ellis 25.0,Smith 73.4,-100%,GOP Hold
258,Montana District 1,Williams 44.6,Gianforte 52.6,-88%,
260,Nebraska District 1,McClure 39.7,Fortenberry 60.3,-96%,GOP Hold
261,Nebraska District 2,Eastman 48.4,Bacon 51.6,-98%,GOP Hold
262,Nebraska District 3,Theobald 23.3,Smith 76.7,-100%,GOP Hold
264,Nevada District 1,Titus 66.2,Bentley 30.8,-100%,Dem Hold
265,Nevada District 2,Koble 41.8,Amodei 58.2,-90%,GOP Hold
266,Nevada District 3,Lee 51.9,Tarkanian 42.8,-100%,Dem Hold
267,Nevada District 4,Horsford 52.0,Hardy 43.7,-100%,Dem Hold
269,New Hampshire District 1,Pappas 53.7,Edwards 44.9,-97%,Dem Hold
270,New Hampshire District 2,McLane Kuster 55.9,Negron 41.9,-94%,Dem Hold
272,New Jersey District 1,Norcross 63.4,Dilks 34.2,-100%,Dem Hold
273,New Jersey District 2,Van Drew 52.0,Grossman 46.2,-100%,Dem Pickup
274,New Jersey District 3,Kim 48.9,MacArthur 49.8,-99%,
275,New Jersey District 4,Welle 42.7,Smith 55.8,-100%,GOP Hold
276,New Jersey District 5,Gottheimer 55.2,McCann 43.5,-100%,Dem Hold
277,New Jersey District 6,Pallone 62.7,Pezzullo 37.3,-100%,Dem Hold
278,New Jersey District 7,Malinowski 50.3,Lance 48.2,-96%,Dem Pickup
279,New Jersey District 8,Sires 77.9,Muniz 18.9,-97%,Dem Hold
280,New Jersey District 9,Pascrell 70.0,Fisher 29.2,-97%,Dem Hold
281,New Jersey District 10,Payne Jr. 87.2,Khan 10.4,-93%,Dem Hold
282,New Jersey District 11,Sherrill 55.6,Webber 43.3,-97%,Dem Pickup
283,New Jersey District 12,Watson Coleman 68.3,Kipnis 31.7,-100%,Dem Hold
285,New Mexico District 1,Haaland 59.0,Arnold-Jones 36.4,-100%,Dem Hold
286,New Mexico District 2,Small 49.5,Herrell 50.5,-95%,
287,New Mexico District 3,Lujan 63.3,McFall 31.3,-100%,Dem Hold
289,New York District 1,Gershon 46.4,Zeldin 52.5,-100%,GOP Hold
290,New York District 2,Grechen Shirley 46.7,King 53.3,-100%,GOP Hold
291,New York District 3,Suozzi 58.4,DeBono 41.6,-100%,Dem Hold
292,New York District 4,Rice 61.0,Benno 39.0,-100%,Dem Hold
293,New York District 5,Meeks 0.0,,0%,Dem Hold
294,New York District 6,Meng 90.8,,-99%,Dem Hold
295,New York District 7,Velazquez 93.4,,-100%,Dem Hold
296,New York District 8,Jeffries 94.1,,-100%,Dem Hold
297,New York District 9,Clarke 89.3,Gayot 10.3,-100%,Dem Hold
298,New York District 10,Nadler 81.2,Levin 18.8,-96%,Dem Hold
299,New York District 11,Rose 52.8,Donovan 46.8,-100%,Dem Pickup
300,New York District 12,Maloney 86.2,Rabin 12.3,-99%,Dem Hold
301,New York District 13,Espaillat 94.6,Butler 5.4,-100%,Dem Hold
302,New York District 14,Ocasio-Cortez 78.0,Pappas 13.8,-98%,Dem Hold
303,New York District 15,Serrano 96.0,Gonzalez 4.0,-99%,Dem Hold
304,New York District 16,Engel 0.0,,0%,Dem Hold
305,New York District 17,Lowey 87.9,,-99%,Dem Hold
306,New York District 18,Maloney 55.1,O'Donnell 44.9,-93%,Dem Hold
307,New York District 19,Delgado 49.8,Faso 47.6,-94%,Dem Pickup
308,New York District 20,Tonko 66.1,Vitollo 33.9,-100%,Dem Hold
309,New York District 21,Cobb 41.8,Stefanik 56.7,-100%,GOP Hold
310,New York District 22,Brindisi 50.3,Tenney 49.7,-100%,
311,New York District 23,Mitrano 45.0,Reed 55.0,-100%,GOP Hold
312,New York District 24,Balter 46.9,Katko 53.1,-100%,GOP Hold
313,New York District 25,Morelle 58.6,Maxwell 41.4,-100%,Dem Hold
314,New York District 26,Higgins 73.0,Zeno 27.0,-99%,Dem Hold
315,New York District 27,McMurray 48.4,Collins 49.5,-100%,GOP Hold
317,North Carolina District 1,Butterfield 69.8,Allison 30.2,-100%,Dem Hold
318,North Carolina District 2,Coleman 45.9,Holding 51.2,-97%,GOP Hold
319,North Carolina District 3,,Jones 0.0,0%,GOP Hold
320,North Carolina District 4,Price 72.3,Loor 24.1,-100%,Dem Hold
321,North Carolina District 5,Adams 42.8,Foxx 57.2,-100%,GOP Hold
322,North Carolina District 6,Watts 43.4,Walker 56.6,-100%,GOP Hold
323,North Carolina District 7,Horton 42.7,Rouzer 55.6,-100%,GOP Hold
324,North Carolina District 8,McNeill 44.6,Hudson 55.4,-100%,GOP Hold
325,North Carolina District 9,McCready 48.8,Harris 49.4,-100%,
326,North Carolina District 10,Brown 40.7,McHenry 59.3,-100%,GOP Hold
327,North Carolina District 11,Price 38.7,Meadows 59.2,-100%,GOP Hold
328,North Carolina District 12,Adams 73.0,Wright 27.0,-100%,Dem Hold
329,North Carolina District 13,Manning 45.5,Budd 51.6,-100%,GOP Hold
331,North Dakota District 1,Schneider 35.6,Armstrong 60.3,-100%,GOP Hold
333,Ohio District 1,Pureval 46.4,Chabot 51.8,-100%,GOP Hold
334,Ohio District 2,Schiller 41.0,Wenstrup 57.8,-100%,GOP Hold
335,Ohio District 3,Beatty 73.3,Burgess 26.7,-100%,Dem Hold
336,Ohio District 4,Garrett 34.6,Jordan 65.4,-100%,GOP Hold
337,Ohio District 5,Galbraith 35.0,Latta 62.5,-100%,GOP Hold
338,Ohio District 6,Roberts 30.7,Johnson 69.3,-100%,GOP Hold
339,Ohio District 7,Harbaugh 41.1,Gibbs 58.9,-100%,GOP Hold
340,Ohio District 8,Enoch 33.2,Davidson 66.8,-100%,GOP Hold
341,Ohio District 9,Kaptur 67.6,Kraus 32.4,-100%,Dem Hold
342,Ohio District 10,Gasper 41.9,Turner 56.2,-100%,GOP Hold
343,Ohio District 11,Fudge 81.9,Goldstein 18.1,-100%,Dem Hold
344,Ohio District 12,O'Connor 47.1,Balderson 51.6,-100%,GOP Hold
345,Ohio District 13,Ryan 60.8,DePizzo 39.2,-100%,Dem Hold
346,Ohio District 14,Rader 44.6,Joyce 55.4,-100%,GOP Hold
347,Ohio District 15,Neal 39.5,Stivers 58.5,-100%,GOP Hold
348,Ohio District 16,Palmer 43.2,Gonzalez 56.8,-100%,GOP Hold
350,Oklahoma District 1,Gilpin 40.7,Hern 59.3,-100%,GOP Hold
351,Oklahoma District 2,Nichols 30.1,Mullin 65.0,-100%,GOP Hold
352,Oklahoma District 3,Robbins 26.1,Lucas 73.9,-100%,GOP Hold
353,Oklahoma District 4,Brannon 33.0,Cole 63.1,-100%,GOP Hold
354,Oklahoma District 5,Horn 50.7,Russell 49.3,-100%,Dem Pickup
356,Oregon District 1,Bonamici 63.6,Verbeek 32.7,-70%,Dem Hold
357,Oregon District 2,McLeod-Skinner 39.2,Walden 56.6,-95%,GOP Hold
358,Oregon District 3,Blumenauer 72.8,Harrison 20.3,-86%,Dem Hold
359,Oregon District 4,DeFazio 56.0,Robinson 41.0,-95%,Dem Hold
360,Oregon District 5,Schrader 55.1,Callahan 42.1,-98%,Dem Hold
362,Pennsylvania District 1,Wallace 48.7,Fitzpatrick 51.3,-100%,GOP Hold
363,Pennsylvania District 2,Boyle 78.8,Torres 21.2,-98%,Dem Hold
364,Pennsylvania District 3,Evans 93.4,Leib 6.6,-98%,Dem Hold
365,Pennsylvania District 4,Dean 63.4,David 36.6,-100%,Dem Pickup
366,Pennsylvania District 5,Scanlon 65.1,Kim 34.9,-99%,Dem Pickup
367,Pennsylvania District 6,Houlahan 58.8,McCauley 41.2,-100%,Dem Pickup
368,Pennsylvania District 7,Wild 53.4,Nothstein 43.5,-100%,Dem Pickup
369,Pennsylvania District 8,Cartwright 54.6,Chrin 45.4,-99%,Dem Hold
370,Pennsylvania District 9,Wolff 40.1,Meuser 59.9,-100%,GOP Hold
371,Pennsylvania District 10,Scott 48.6,Perry 51.4,-99%,GOP Hold
372,Pennsylvania District 11,King 41.0,Smucker 59.0,-97%,GOP Hold
373,Pennsylvania District 12,Friedenberg 33.8,Marino 66.2,-98%,GOP Hold
374,Pennsylvania District 13,Ottaway 29.6,Joyce 70.4,-100%,GOP Hold
375,Pennsylvania District 14,Boerio 42.0,Reschenthaler 58.0,-100%,GOP Pickup
376,Pennsylvania District 15,Boser 32.1,Thompson 67.9,-100%,GOP Hold
377,Pennsylvania District 16,DiNicola 47.2,Kelly 51.6,-100%,GOP Hold
378,Pennsylvania District 17,Lamb 56.1,Rothfus 43.9,-100%,Dem Hold
379,Pennsylvania District 18,Doyle 0.0,,0%,Dem Hold
381,Rhode Island District 1,Cicilline 66.7,Donovan 33.3,-100%,Dem Hold
382,Rhode Island District 2,Langevin 63.6,Caiozzo 36.4,-100%,Dem Hold
384,South Carolina District 1,Cunningham 50.7,Arrington 49.3,-100%,Dem Pickup
385,South Carolina District 2,Carrigan 41.9,Wilson 56.9,-100%,GOP Hold
386,South Carolina District 3,Geren 31.0,Duncan 67.8,-100%,GOP Hold
387,South Carolina District 4,Brown 36.6,Timmons 59.7,-100%,GOP Hold
388,South Carolina District 5,Parnell 41.5,Norman 57.1,-100%,GOP Hold
389,South Carolina District 6,Clyburn 70.0,Gressmann 28.4,-100%,Dem Hold
390,South Carolina District 7,Williams 40.4,Rice 59.6,-100%,GOP Hold
392,South Dakota District 1,Bjorkman 36.0,Johnson 60.3,-100%,GOP Hold
394,Tennessee District 1,Olsen 21.0,Roe 77.1,-100%,GOP Hold
395,Tennessee District 2,Hoyos 33.2,Burchett 65.8,-100%,GOP Hold
396,Tennessee District 3,Mitchell 34.5,Fleischmann 63.7,-100%,GOP Hold
397,Tennessee District 4,Phillips 33.6,DesJarlais 63.4,-99%,GOP Hold
398,Tennessee District 5,Cooper 67.8,Ball 32.2,-100%,Dem Hold
399,Tennessee District 6,Barlow 28.3,Rose 69.5,-100%,GOP Hold
400,Tennessee District 7,Kanew 32.1,Green 66.8,-100%,GOP Hold
401,Tennessee District 8,Pearson 30.1,Kustoff 67.6,-100%,GOP Hold
402,Tennessee District 9,Cohen 79.9,Bergmann 19.3,-100%,Dem Hold
404,Texas District 1,McKellar 26.3,Gohmert 72.3,-100%,GOP Hold
405,Texas District 2,Litton 45.4,Crenshaw 53.0,-100%,GOP Hold
406,Texas District 3,Burch 44.2,Taylor 54.3,-100%,GOP Hold
407,Texas District 4,Krantz 23.0,Ratcliffe 75.7,-100%,GOP Hold
408,Texas District 5,Wood 37.5,Gooden 62.5,-100%,GOP Hold
409,Texas District 6,Sanchez 45.4,Wright 53.1,-100%,GOP Hold
410,Texas District 7,Fletcher 52.3,Culberson 47.7,-100%,Dem Pickup
411,Texas District 8,David 24.8,Brady 73.5,-90%,GOP Hold
412,Texas District 9,Green 89.1,,-100%,Dem Hold
413,Texas District 10,Siegel 46.9,McCaul 50.9,-100%,GOP Hold
414,Texas District 11,Leeder 18.4,Conaway 80.2,-100%,GOP Hold
415,Texas District 12,Adia 33.9,Granger 64.3,-100%,GOP Hold
416,Texas District 13,Sagan 17.0,Thornberry 81.4,-93%,GOP Hold
417,Texas District 14,Bell 39.2,Weber 59.3,-100%,GOP Hold
418,Texas District 15,Gonzalez 60.0,Westley 38.5,-95%,Dem Hold
419,Texas District 16,Escobar 68.4,Seeberger 27.1,-100%,Dem Hold
420,Texas District 17,Kennedy 41.7,Flores 56.4,-96%,GOP Hold
421,Texas District 18,Jackson Lee 75.2,Pate 20.8,-100%,Dem Hold
422,Texas District 19,Levario 24.7,Arrington 75.3,-100%,GOP Hold
423,Texas District 20,Castro 80.9,,-100%,Dem Hold
424,Texas District 21,Kopser 47.5,Roy 50.3,-100%,GOP Hold
425,Texas District 22,Kulkarni 46.4,Olson 51.4,-100%,GOP Hold
426,Texas District 23,Ortiz Jones 48.8,Hurd 49.1,-100%,
427,Texas District 24,McDowell 47.5,Marchant 50.7,-100%,GOP Hold
428,Texas District 25,Oliver 44.7,Williams 53.6,-100%,GOP Hold
429,Texas District 26,Fagan 39.0,Burgess 59.4,-100%,GOP Hold
430,Texas District 27,Holguin 36.6,Cloud 60.3,-100%,GOP Hold
431,Texas District 28,Cuellar 84.4,,-100%,Dem Hold
432,Texas District 29,Garcia 75.1,Aronoff 23.9,-100%,Dem Hold
433,Texas District 30,Johnson 91.1,,-100%,Dem Hold
434,Texas District 31,Hegar 47.6,Carter 50.7,-99%,GOP Hold
435,Texas District 32,Allred 52.2,Sessions 45.9,-100%,Dem Pickup
436,Texas District 33,Veasey 76.1,Billups 21.9,-100%,Dem Hold
437,Texas District 34,Vela 60.0,Gonzalez 40.0,-100%,Dem Hold
438,Texas District 35,Doggett 71.2,Smalling 26.1,-100%,Dem Hold
439,Texas District 36,Steele 27.4,Babin 72.6,-100%,GOP Hold
441,Utah District 1,Castillo 24.4,Bishop 62.8,-80%,GOP Hold
442,Utah District 2,Ghorbani 37.6,Stewart 57.9,-88%,GOP Hold
443,Utah District 3,Singer 28.7,Curtis 66.9,-56%,GOP Hold
444,Utah District 4,McAdams 51.3,Love 48.7,-68%,
446,Vermont District 1,Welch 69.3,Tynio 26.0,-100%,Dem Hold
448,Virginia District 1,Williams 44.3,Wittman 55.7,-100%,GOP Hold
449,Virginia District 2,Luria 51.1,Taylor 48.9,-100%,Dem Pickup
450,Virginia District 3,Scott 0.0,,0%,Dem Hold
451,Virginia District 4,McEachin 62.7,McAdams 35.9,-100%,Dem Hold
452,Virginia District 5,Cockburn 46.7,Riggleman 53.3,-100%,GOP Hold
453,Virginia District 6,Lewis 40.0,Cline 60.0,-100%,GOP Hold
454,Virginia District 7,Spanberger 50.1,Brat 48.7,-100%,Dem Pickup
455,Virginia District 8,Beyer 76.3,Oh 23.7,-100%,Dem Hold
456,Virginia District 9,Flaccavento 34.7,Griffith 65.3,-100%,GOP Hold
457,Virginia District 10,Wexton 56.2,Comstock 43.8,-100%,Dem Pickup
458,Virginia District 11,Connolly 71.1,Dove 27.1,-99%,Dem Hold
460,Washington District 1,DelBene 58.6,Beeler 41.4,-68%,Dem Hold
461,Washington District 2,Larsen 72.4,,-60%,Dem Hold
462,Washington District 3,Long 47.7,Herrera Beutler 52.3,-71%,
463,Washington District 4,Brown 34.6,Newhouse 65.4,-56%,GOP Hold
464,Washington District 5,Brown 44.1,McMorris Rodgers 55.9,-55%,GOP Hold
465,Washington District 6,Kilmer 62.8,Dightman 37.2,-62%,Dem Hold
466,Washington District 7,Jayapal 83.4,Keller 16.6,-76%,Dem Hold
467,Washington District 8,Schrier 52.9,Rossi 47.1,-64%,
468,Washington District 9,Smith 70.1,,-57%,Dem Hold
469,Washington District 10,Heck 60.9,Brumbles 39.1,-53%,Dem Hold
471,West Virginia District 1,Fershee 35.4,McKinley 64.6,-100%,GOP Hold
472,West Virginia District 2,Sergent 42.9,Mooney 54.0,-100%,GOP Hold
473,West Virginia District 3,Ojeda 43.6,Miller 56.4,-100%,GOP Hold
475,Wisconsin District 1,Bryce 42.3,Steil 54.6,-100%,GOP Hold
476,Wisconsin District 2,Pocan 0.0,,0%,Dem Hold
477,Wisconsin District 3,Kind 59.7,Toft 40.3,-100%,Dem Hold
478,Wisconsin District 4,Moore 75.5,Rogers 21.9,-100%,Dem Hold
479,Wisconsin District 5,Palzewicz 38.0,Sensenbrenner 62.0,-100%,GOP Hold
480,Wisconsin District 6,Kohl 44.5,Grothman 55.5,-100%,GOP Hold
481,Wisconsin District 7,Engebretson 38.5,Duffy 60.2,-100%,GOP Hold
482,Wisconsin District 8,Liegeois 36.3,Gallagher 63.7,-100%,GOP Hold
484,Wyoming District 1,Hunter 29.8,Cheney 63.7,-100%,GOP Hold