polis_number,Name,Latitude,Longitude,Hellenicity,Fame,Size,Colonies,Regime,Delian
1,Alalie,42.10240033,9.511828,most Greek,1.12,100-200 km sq,0,,not in Delian League
2,Emporion,42.13342,3.1145495,most barbarian,2.12,25-100 km sq,0,,not in Delian League
3,Massalia,43.296854,5.382499,most Greek,4,25-100 km sq,2,no evidence of democracy,not in Delian League
4,Rhode,42.264882,3.173819,most Greek,0.87,,0,,not in Delian League
5,Abakainon,38.05180997,15.10033293,most barbarian,1,,0,,not in Delian League
6,Adranon,37.6624065,14.8345046,most Greek,1,,0,,not in Delian League
7,Agyrion,37.65624055,14.5259926,most Greek,1.25,,0,no evidence of democracy,not in Delian League
8,Aitna,38.192251,15.556634,most Greek,3.25,200-500 km sq,1,no evidence of democracy,not in Delian League
9,Akragas,37.29289215,13.58945448,most Greek,6.37,500 km sq or more,0,evidence of democracy,not in Delian League
10,Akrai,37.05836322,14.8963139,most Greek,1.25,,0,,not in Delian League
11,Alaisa,37.99808,14.262968,most barbarian,0.87,,0,,not in Delian League
12,Alontion,38.071898,14.700314,,0.5,,0,,not in Delian League
13,Apollonia,38.02622477,14.59671067,most Greek,0.37,,0,no evidence of democracy,not in Delian League
14,Engyon,37.786715,14.591438,most Greek,0.62,,0,no evidence of democracy,not in Delian League
15,Euboia,37.1547375,14.6996988,most Greek,1,,0,,not in Delian League
16,Galeria,,,most barbarian,0.5,,0,,not in Delian League
17,Gela,37.0630925,14.2584705,most Greek,5.12,200-500 km sq,3,evidence of democracy,not in Delian League
18,Heloros (or Heloron? Or Ailoros?),36.84147655,15.10736185,most Greek,1.75,,0,,not in Delian League
19,Henna,37.567652,14.279558,most barbarian,1.37,,0,no evidence of democracy,not in Delian League
20,Herakleia,37.394042,13.280904,most Greek,2.12,,0,,not in Delian League
21,Herakleia,,,most Greek,0.75,,0,,not in Delian League
22,Herbessos,37.4276413,14.30042355,,0.62,,0,,not in Delian League
23,Herbita,37.7569858,14.1735113,,1,,1,no evidence of democracy,not in Delian League
24,Himera,37.970797,13.822496,most Greek,5,500 km sq or more,0,evidence of democracy,not in Delian League
25,Hippana,37.71197255,13.4342707,most barbarian,0.62,,0,,not in Delian League
26,Imachara,37.748625,14.398112,most barbarian,0.5,,0,,not in Delian League
27,Kallipolis,,,most Greek,0.75,,0,,not in Delian League
28,Kamarina,36.8602887,14.46942038,most Greek,5.62,200-500 km sq,1,evidence of democracy,not in Delian League
29,Kasmenai,37.073804,14.8362835,most Greek,1.62,,0,,not in Delian League
30,Katane,37.50521085,15.0866236,most Greek,3.75,200-500 km sq,1,no evidence of democracy,not in Delian League
31,Kentoripa,37.624073,14.740017,,1.12,200-500 km sq,0,no evidence of democracy,not in Delian League
32,Kephaloidion,38.03814,14.025568,,1.12,200-500 km sq,0,,not in Delian League
33,Leontinoi,37.285478,14.998115,most Greek,4,200-500 km sq,1,evidence of democracy,not in Delian League
34,Lipara,38.46740105,14.9539573,most Greek,2.25,25-100 km sq,0,,not in Delian League
35,Longane,38.082515,15.168053,most barbarian,0.75,,0,,not in Delian League
36,Megara (Hyblaia),37.203717,15.181777,most Greek,3.37,200-500 km sq,1,,not in Delian League
37,Morgantina,37.43067477,14.47944927,most barbarian,5.12,200-500 km sq,0,,not in Delian League
38,Mylai,38.219365,15.240385,most Greek,3,25-100 km sq,0,,not in Delian League
39,Mytistratos,37.6042569,13.93401535,most barbarian,0.62,,0,,not in Delian League
40,Nakone,38.192251,15.556634,most barbarian,0.37,,0,,not in Delian League
41,Naxos,37.82248715,15.2677947,most Greek,5,200-500 km sq,3,,not in Delian League
42,Petra,37.677368,13.598601,,0.25,,0,,not in Delian League
43,Piakos,37.329954,14.697361,,0.37,,0,,not in Delian League
44,Selinous,37.57293672,12.87291177,most Greek,7.62,500 km sq or more,1,evidence of democracy,not in Delian League
45,Sileraioi,,,,0.12,,0,,not in Delian League
46,Stielanaioi,37.16666667,14.91666667,,0.5,,0,,not in Delian League
47,Syrakousai,37.0738645,15.27188693,most Greek,12,500 km sq or more,21,evidence of democracy,not in Delian League
48,Tauromenion,37.85288593,15.2912763,,3.25,200-500 km sq,0,no evidence of democracy,not in Delian League
49,Tyndaris,38.1429694,15.0438364,most Greek,2,,0,,not in Delian League
50,Tyrrhenoi,,,,0.25,,0,,not in Delian League
51,Zankle/Messana,38.192251,15.555634,most Greek,4.62,200-500 km sq,2,no evidence of democracy,not in Delian League
52,Herakleia,40.213021,16.678299,most Greek,3.62,200-500 km sq,0,no evidence of democracy,not in Delian League
53,Hipponion,38.675581,16.097648,most Greek,3.5,100-200 km sq,1,,not in Delian League
54,Hyele/Elea,40.1616915,15.1568265,most Greek,3.5,25-100 km sq,0,no evidence of democracy,not in Delian League
55,Kaulonia,38.4468869,16.57894258,most Greek,3.25,100-200 km sq,0,no evidence of democracy,not in Delian League
56,Kroton,39.0811675,17.127966,most Greek,7,200-500 km sq,2,evidence of democracy,not in Delian League
57,Kyme,40.75,13.75,most Greek,4.75,200-500 km sq,5,no evidence of democracy,not in Delian League
58,Laos,39.767685,15.8244,most Greek,2.12,25-100 km sq,0,,not in Delian League
59,Lokroi,38.21607002,16.2401691,most Greek,8.37,100-200 km sq,5,evidence of democracy,not in Delian League
60,Medma,38.487328,15.976368,most Greek,3,25-100 km sq,1,,not in Delian League
61,Metapontion,40.38362725,16.82523365,most Greek,5,200-500 km sq,0,evidence of democracy,not in Delian League
62,Metauros,38.425,15.89985,most Greek,1.5,0-25 km sq,0,,not in Delian League
63,Neapolis,40.839995,14.25287,most Greek,4.5,0-25 km sq,0,evidence of democracy,not in Delian League
64,Pandosia,39.308789,16.1942468,most Greek,1,,0,,not in Delian League
65,Pithekoussai,40.7548833,13.88662975,most Greek,2.75,0-25 km sq,1,,not in Delian League
66,Poseidonia,40.42064875,15.00532475,most Greek,4.87,200-500 km sq,0,,not in Delian League
67,Pyxous,40.083851,15.511849,most Greek,1.5,,0,,not in Delian League
68,Rhegion,38.11070795,15.6470268,most Greek,5.25,500 km sq or more,2,evidence of democracy,not in Delian League
69,Siris,40.149042,16.54137,most Greek,4.5,200-500 km sq,0,,not in Delian League
70,Sybaris,39.590607,16.771002,most Greek,7.12,500 km sq or more,4,no evidence of democracy,not in Delian League
71,Taras,40.4709405,17.2371455,most Greek,7.12,200-500 km sq,1,evidence of democracy,not in Delian League
72,Temesa,39.036454,16.159633,most barbarian,1.87,,0,,not in Delian League
73,Terina,38.944865,16.238922,most Greek,1.87,,0,,not in Delian League
74,Thourioi,39.715694,16.490886,most Greek,5,100-200 km sq,1,evidence of democracy,not in Delian League
75,Adria,45.08333333,12.08333333,most barbarian,1.5,,0,,not in Delian League
76,Ankon,43.62038265,13.5153199,most barbarian,1,,0,,not in Delian League
77,Apollonia,40.7339195,19.462878,most Greek,3.12,500 km sq or more,0,evidence of democracy,not in Delian League
78,Brentesion,40.638663,17.9429115,most barbarian,0.75,200-500 km sq,0,,not in Delian League
79,Epidamnos/Dyrrhachion,41.3150226,19.44663007,most Greek,3,200-500 km sq,0,evidence of democracy,not in Delian League
80,Herakleia,,,most Greek,0.5,,0,,not in Delian League
81,Issa,43.04693917,16.15734235,most Greek,1.62,100-200 km sq,1,,not in Delian League
82,Lissos,41.7829405,19.643916,most barbarian,0.75,,0,,not in Delian League
83,Melaina Korkyra,42.960475,17.135602,most Greek,1.37,200-500 km sq,0,,not in Delian League
84,Pharos,43.184286,16.601041,most Greek,1.25,0-25 km sq,0,,not in Delian League
85,Spina,44.697575,12.108186,most barbarian,1.25,,0,,not in Delian League
86,Amantia,40.467944,19.61777,most Greek,0.62,200-500 km sq,0,,not in Delian League
87,Artichia,,,most Greek,0.12,,0,,not in Delian League
88,Batiai,39.224419,20.827781,most Greek,0.62,0-25 km sq,0,,not in Delian League
89,Berenike,39.103467,20.642528,most Greek,0.25,,0,,not in Delian League
90,Boucheta,39.160816,20.850515,most Greek,0.75,0-25 km sq,0,,not in Delian League
91,Bouthroton,39.74585047,20.02166127,most Greek,1.25,200-500 km sq,0,,not in Delian League
92,Byllis,40.5451505,19.7354265,most Greek,0.75,500 km sq or more,0,,not in Delian League
93,Dodone,39.54638507,20.78936797,most Greek,0.87,,0,,not in Delian League
94,Elateia,39.25,20.75,most Greek,0.62,,0,,not in Delian League
95,Elea,39.44266905,20.55559715,most Greek,0.75,,0,,not in Delian League
96,Ephyra,39.246912,20.527922,most Greek,0.62,,0,,not in Delian League
97,Eurymenai,39.630469,20.919605,most Greek,0.37,,0,,not in Delian League
98,Gitana,39.5698787,20.26502743,most Greek,0.75,,0,,not in Delian League
99,Horraon,39.271716,20.92464,most Greek,0.5,,0,,not in Delian League
100,Kassopa,39.142775,20.681592,most Greek,1.37,500 km sq or more,0,,not in Delian League
101,Nikaia,40.949933,20.016756,most Greek,0.37,,0,,not in Delian League
102,Olympa,40.41666667,19.58333333,most Greek,0.5,,0,,not in Delian League
103,Orikos,40.323256,19.4518165,most Greek,0.5,,0,,not in Delian League
104,Pandosia,39.27839455,20.67768675,most Greek,1.37,,0,,not in Delian League
105,Passaron,39.7330065,20.752394,most Greek,0.75,,0,,not in Delian League
106,Phanote,39.658537,20.495153,most Greek,0.37,,0,,not in Delian League
107,Phoinike,39.913118,20.057154,most Greek,0.37,,0,,not in Delian League
108,Poionos,,,most Greek,0.25,,0,,not in Delian League
109,Tekmon,39.66666667,20.91666667,most Greek,0.5,,0,,not in Delian League
110,Torone,39.517533,20.179996,most Greek,0.62,0-25 km sq,0,,not in Delian League
111,Zmaratha,,,most Greek,0.12,,0,,not in Delian League
112,Alyzeia,38.713373,20.951657,most Greek,1.37,25-100 km sq,0,,not in Delian League
113,Ambrakia,39.1549245,20.9900925,most Greek,3.37,200-500 km sq,1,evidence of democracy,not in Delian League
114,Anaktorion,38.920935,20.843498,most Greek,1.75,25-100 km sq,0,,not in Delian League
115,Argos,38.935912,21.1802673,most Greek,1.62,100-200 km sq,0,,not in Delian League
116,Astakos,38.547154,21.087253,most Greek,1.12,25-100 km sq,0,no evidence of democracy,not in Delian League
117,Derion,38.635383,21.189842,most Greek,0.75,0-25 km sq,0,,not in Delian League
118,Echinos,38.908266,20.9101152,most Greek,1.12,0-25 km sq,0,,not in Delian League
119,Euripos,38.918227,20.99807,most Greek,0.62,0-25 km sq,0,,not in Delian League
120,Herakleia,38.900074,20.935709,most Greek,0.37,0-25 km sq,0,,not in Delian League
121,Hyporeiai,,,most Greek,0.37,,0,,not in Delian League
122,Ithaka,38.44193,20.638399,most Greek,1.5,25-100 km sq,0,,not in Delian League
123,Korkyra,39.60444,19.924457,most Greek,5.12,500 km sq or more,1,evidence of democracy,not in Delian League
124,Koronta,38.588086,21.159936,most Greek,0.87,25-100 km sq,0,,not in Delian League
125,Kranioi,38.168492,20.516369,most Greek,2.62,25-100 km sq,0,,not in Delian League
126,Leukas,38.807342,20.713116,most Greek,3,200-500 km sq,0,evidence of democracy,not in Delian League
127,Limnaia,38.857304,21.172398,most Greek,0.75,25-100 km sq,0,,not in Delian League
128,Matropolis,38.58333333,21.25,most Greek,0.87,25-100 km sq,0,,not in Delian League
129,Medion,38.782497,21.125024,most Greek,0.87,25-100 km sq,0,,not in Delian League
130,Oiniadai,38.4070675,21.196384,most Greek,1.62,100-200 km sq,0,,not in Delian League
131,Palairos,38.8337485,20.827043,most Greek,1.37,25-100 km sq,0,,not in Delian League
132,Paleis,38.222555,20.437481,most Greek,1,25-100 km sq,0,,not in Delian League
133,Phara,38.638652,20.605863,most Greek,0.25,,0,,not in Delian League
134,Phoitiai,38.686998,21.143392,most Greek,1,25-100 km sq,0,,not in Delian League
135,Pronnoi,38.145962,20.776722,most Greek,1,25-100 km sq,0,,not in Delian League
136,Same,38.254596,20.658925,most Greek,1,25-100 km sq,0,,not in Delian League
137,Sollion,38.135248,20.672977,most Greek,0.5,,0,,not in Delian League
138,Stratos,38.6722238,21.31843377,most Greek,1.75,25-100 km sq,0,,not in Delian League
139,Thyrreion,38.854918,20.980902,most Greek,1.37,25-100 km sq,0,,not in Delian League
140,Torybeia,38.763022,21.06285,most Greek,1,25-100 km sq,0,,not in Delian League
141,Zakynthos,37.787178,20.892091,most Greek,2,200-500 km sq,0,evidence of democracy,not in Delian League
142,Agrinion,38.64005483,21.37583553,most Greek,0.5,25-100 km sq,0,,not in Delian League
143,Aigition,38.49411305,22.1721334,most Greek,0.5,,0,,not in Delian League
144,Akripos,36.815804,27.092059,most Greek,0.25,,0,,not in Delian League
145,Chalkis,38.3489753,21.6210147,most Greek,0.87,0-25 km sq,1,,not in Delian League
146,Halikyrna,38.387478,21.502502,most Greek,0.25,0-25 km sq,0,,not in Delian League
147,Kallion/Kallipolis,38.5489459,22.1673488,most Greek,0.87,,0,,not in Delian League
148,Kalydon,38.372926,21.5331825,most Greek,1.5,25-100 km sq,0,,not in Delian League
149,Makynea,38.355157,21.726328,most Greek,0.5,0-25 km sq,0,,not in Delian League
150,Molykreion,38.388044,21.757727,most Greek,0.87,0-25 km sq,0,,not in Delian League
151,Phola,,,most Greek,0.25,,0,,not in Delian League
152,Phylea,,,most Greek,0.12,,0,,not in Delian League
153,Pleuron,38.41666667,21.41666667,most Greek,0.75,25-100 km sq,0,,not in Delian League
154,Proschion,38.75,21.25,most Greek,0.5,,0,,not in Delian League
155,Therminea,,,most Greek,0.12,,0,,not in Delian League
156,Trichoneion,38.52448,21.520665,most Greek,0.62,200-500 km sq,0,,not in Delian League
157,Alpa,38.4232,22.145795,most Greek,0.62,,0,,not in Delian League
158,Amphissa,38.518403,22.374172,most Greek,1.62,25-100 km sq,0,,not in Delian League
159,Chaleion,38.378004,22.38728,most Greek,0.75,25-100 km sq,1,no evidence of democracy,not in Delian League
160,Hyaia,,,most Greek,0.87,,0,,not in Delian League
161,Hypnia,38.471904,22.373892,most Greek,0.37,0-25 km sq,0,,not in Delian League
162,Issioi,,,most Greek,0.37,,0,,not in Delian League
163,Messapioi,38.4012,23.413552,most Greek,0.5,,0,,not in Delian League
164,Myania,38.478043,22.357743,most Greek,0.5,0-25 km sq,0,,not in Delian League
165,Naupaktos,38.399726,21.831267,most Greek,1.62,25-100 km sq,1,,not in Delian League
166,Oianthea,38.342137,22.191004,most Greek,0.62,,0,no evidence of democracy,not in Delian League
167,Tolophon,38.368366,22.301941,most Greek,0.37,0-25 km sq,0,,not in Delian League
168,Tritea,38.403234,22.322506,most Greek,0.5,0-25 km sq,0,,not in Delian League
169,Abai,38.5831615,22.929852,most Greek,1.25,0-25 km sq,0,,not in Delian League
170,Aiolidai,38.454516,22.777364,most Greek,0.87,,0,,not in Delian League
171,Ambryssos,38.4257965,22.653228,most Greek,0.87,25-100 km sq,0,,not in Delian League
172,Amphikaia,38.642319,22.598214,most Greek,0.5,0-25 km sq,0,,not in Delian League
173,Antikyra,38.375439,22.626059,most Greek,0.75,25-100 km sq,0,,not in Delian League
174,Boulis,38.276455,22.802911,most Greek,1.12,25-100 km sq,0,,not in Delian League
175,Charadra,38.640939,22.489574,most Greek,0.75,0-25 km sq,0,,not in Delian League
176,Daulis,38.5110675,22.734938,most Greek,1,0-25 km sq,0,,not in Delian League
177,Delphoi,38.482289,22.501169,most Greek,8,25-100 km sq,0,no evidence of democracy,not in Delian League
178,Drymos,38.7086695,22.5585205,most Greek,0.75,25-100 km sq,0,,not in Delian League
179,Echedameia,,,most Greek,0.37,,0,,not in Delian League
180,Elateia,38.629841,22.7658245,most Greek,1.75,100-200 km sq,0,,not in Delian League
181,Erochos,38.623689,22.540903,most Greek,1.12,0-25 km sq,0,,not in Delian League
182,Hyampolis,38.5946805,22.9187625,most Greek,1.62,0-25 km sq,0,,not in Delian League
183,Kirrha,38.428937,22.450621,most Greek,2.87,,0,,not in Delian League
184,Ledon,38.654801,22.680539,most Greek,0.87,0-25 km sq,0,,not in Delian League
185,Lilaia,38.6304149,22.50953775,most Greek,2.12,0-25 km sq,0,,not in Delian League
186,Medeon,38.367629,22.688832,most Greek,0.62,25-100 km sq,0,,not in Delian League
187,Neon/Tithorea,38.5817245,22.673318,most Greek,1.75,25-100 km sq,0,,not in Delian League
188,Parapotamioi,38.551148,22.817862,most Greek,1.25,25-100 km sq,0,,not in Delian League
189,Pedieis,38.626517,22.671601,most Greek,0.87,25-100 km sq,0,,not in Delian League
190,Phanoteus/Panopeus,38.498702,22.822117,most Greek,1.87,0-25 km sq,0,,not in Delian League
191,Phylgonion,38.5,22.75,most Greek,1.5,25-100 km sq,0,,not in Delian League
192,Po[…],,,most Greek,0.37,,0,,not in Delian League
193,Stiris,38.41666667,22.75,most Greek,0.62,25-100 km sq,0,,not in Delian League
194,Teithronion,38.66666667,22.58333333,most Greek,0.75,25-100 km sq,0,,not in Delian League
195,Trachis,38.792037,22.447577,most Greek,0.87,,0,,not in Delian League
196,Triteis,,,most Greek,0.62,,0,,not in Delian League
197,Troneia,38.554265,22.704926,most Greek,1.12,0-25 km sq,0,,not in Delian League
198,Akraiphia/Akraiphnion,38.4526062,23.2197021,most Greek,2,25-100 km sq,0,no evidence of democracy,not in Delian League
199,Alalkomenai,38.392521,23.018698,most Greek,0.62,0-25 km sq,0,,not in Delian League
200,Anthedon,38.497693,23.451655,most Greek,1.12,25-100 km sq,0,,not in Delian League
201,Chaironeia,38.495182,22.8434315,most Greek,1.62,25-100 km sq,0,no evidence of democracy,not in Delian League
202,Chorsiai,38.248774,22.886793,most Greek,1.12,25-100 km sq,0,,not in Delian League
203,Erythrai,38.125,23.375,most Greek,0.75,0-25 km sq,0,,not in Delian League
204,Eteonos/Skaphai,,,most Greek,0.62,,0,,not in Delian League
205,Eutresis,38.268249,23.20466,most Greek,0.5,0-25 km sq,0,,not in Delian League
206,Haliartos,38.380377,23.09843833,most Greek,2,25-100 km sq,0,no evidence of democracy,not in Delian League
207,Hyettos,38.555375,23.103147,most Greek,1.25,25-100 km sq,0,no evidence of democracy,not in Delian League
208,Hysiai,38.217217,23.344419,most Greek,1,0-25 km sq,0,,not in Delian League
209,Kopai,38.501525,23.163285,most Greek,1,100-200 km sq,0,no evidence of democracy,not in Delian League
210,Koroneia,38.391204,22.957112,most Greek,2,25-100 km sq,0,no evidence of democracy,not in Delian League
211,Lebadeia,38.4353745,22.8749615,most Greek,1.75,25-100 km sq,0,,not in Delian League
212,Mykalessos,38.41672,23.519602,most Greek,1,25-100 km sq,0,,not in Delian League
213,Orchomenos,38.49457533,22.978315,most Greek,3.5,100-200 km sq,0,no evidence of democracy,not in Delian League
214,Oropos,38.3194635,23.7899985,most Greek,2.25,100-200 km sq,0,,not in Delian League
215,Pharai,38.365511,23.622995,most Greek,0.37,0-25 km sq,0,,not in Delian League
216,Plataia,38.21573033,23.27184733,most Greek,3.87,100-200 km sq,1,evidence of democracy,not in Delian League
217,Potniaia,38.29991,23.311633,most Greek,0.5,0-25 km sq,0,,not in Delian League
218,Siphai,38.181242,23.036561,most Greek,1,0-25 km sq,0,no evidence of democracy,not in Delian League
219,Skolos,38.309378,23.38353,most Greek,0.75,0-25 km sq,0,,not in Delian League
220,Tanagra,38.30019833,23.581173,most Greek,2.37,500 km sq or more,1,no evidence of democracy,not in Delian League
221,Thebai,38.319156,23.317577,most Greek,5.62,500 km sq or more,0,evidence of democracy,not in Delian League
222,Thespiai,38.295831,23.1528615,most Greek,3,200-500 km sq,1,no evidence of democracy,not in Delian League
223,Thisbai,38.26088667,22.967793,most Greek,1,100-200 km sq,0,,not in Delian League
224,Aigosthena,38.1497606,23.2294868,most Greek,0.5,0-25 km sq,0,,not in Delian League
225,Megara,37.985078,23.340163,most Greek,4.37,200-500 km sq,7,evidence of democracy,not in Delian League
226,Pagai,38.084923,23.197116,most Greek,0.5,0-25 km sq,0,,not in Delian League
227,Korinthos,37.89994717,22.89867949,most Greek,6,500 km sq or more,13,evidence of democracy,not in Delian League
228,Sikyon,37.982299,22.7168885,most Greek,4.25,200-500 km sq,0,evidence of democracy,not in Delian League
229,Aigai (Achaia),38.154879,22.314637,most Greek,1.25,0-25 km sq,6,evidence of democracy,not in Delian League
230,Aigeira,38.1297925,22.377887,most Greek,1.37,0-25 km sq,0,evidence of democracy,not in Delian League
231,Aigion,38.252707,22.081952,most Greek,1.37,25-100 km sq,0,evidence of democracy,not in Delian League
232,Ascheion,37.468145,22.141115,most Greek,0.25,,0,evidence of democracy,not in Delian League
233,Boura,38.142006,22.231166,most Greek,1,25-100 km sq,0,,not in Delian League
234,Dyme,38.144625,21.551425,most Greek,1.75,200-500 km sq,0,evidence of democracy,not in Delian League
235,Helike,38.220538,22.144303,most Greek,1.12,0-25 km sq,0,,not in Delian League
236,Keryneia,38.158659,22.143425,most Greek,0.37,0-25 km sq,0,evidence of democracy,not in Delian League
237,Leontion,38.004121,21.913025,most Greek,0.37,25-100 km sq,0,evidence of democracy,not in Delian League
238,Olenos,38.153707,21.640599,most Greek,0.75,25-100 km sq,0,evidence of democracy,not in Delian League
239,Patrai,38.247847,21.735631,most Greek,1,100-200 km sq,0,evidence of democracy,not in Delian League
240,Pellene,38.043207,22.548344,most Greek,2.37,100-200 km sq,1,evidence of democracy,not in Delian League
241,Pharai,38.093144,21.717095,most Greek,0.5,100-200 km sq,0,evidence of democracy,not in Delian League
242,Phelloe,38.077545,22.413941,most Greek,0.37,0-25 km sq,0,evidence of democracy,not in Delian League
243,Rhypai/Rhype,38.213931,22.018942,most Greek,1,,0,evidence of democracy,not in Delian League
244,Tritaia,37.9527,21.711021,most Greek,0.5,,0,evidence of democracy,not in Delian League
245,Alasyaion,,,most Greek,0.37,,0,,not in Delian League
246,Alion,,,most Greek,0.12,,0,,not in Delian League
247,Amphidolia,37.75,21.75,most Greek,0.5,,0,,not in Delian League
248,Anaitoi,,,most Greek,0.37,,0,,not in Delian League
249,Chaladrioi,,,most Greek,0.37,,0,,not in Delian League
250,Dyspontion,,,most Greek,0.37,,0,,not in Delian League
251,Elis,37.891781,21.375091,most Greek,8,500 km sq or more,4,evidence of democracy,not in Delian League
252,Eupagion,,,most Greek,0.12,,0,,not in Delian League
253,Ewaoioi,,,most Greek,0.25,,0,,not in Delian League
254,Kyllene,37.933241,21.143869,most Greek,0.5,0-25 km sq,0,,not in Delian League
255,Larissa,,,most Greek,0.25,,0,,not in Delian League
256,Lasion,37.798028,21.743462,most Greek,0.5,25-100 km sq,0,,not in Delian League
257,Lenos,37.468145,22.141115,most Greek,0.25,,0,,not in Delian League
258,Letrinoi,37.672865,21.431292,most Greek,0.5,0-25 km sq,0,,not in Delian League
259,Marganeis,37.66666667,21.5,most Greek,0.62,0-25 km sq,0,,not in Delian League
260,Metapioi,,,most Greek,0.5,,0,,not in Delian League
261,Opous,38.6306405,23.047878,most Greek,0.25,,0,,not in Delian League
262,Pisa,37.639535,21.653041,most Greek,2.12,200-500 km sq,0,,not in Delian League
263,Pylos,37.899734,21.518025,most Greek,0.5,0-25 km sq,0,,not in Delian League
264,Thraistos,37.468145,22.141115,most Greek,0.37,,0,,not in Delian League
265,Alea,37.794666,22.450785,most Greek,1.37,,0,,not in Delian League
266,Alipheira,37.541836,21.860109,most Greek,1,25-100 km sq,0,,not in Delian League
267,Asea,37.404133,22.261978,most Greek,1.5,25-100 km sq,0,,not in Delian League
268,Dipaia,37.541156,22.254905,most Greek,0.87,,0,,not in Delian League
269,Euaimon,37.468145,22.141115,most Greek,0.5,,0,,not in Delian League
270,Eutaia,37.371704,22.285257,most Greek,0.87,0-25 km sq,0,,not in Delian League
271,Gortys,37.536675,22.03544,most Greek,1.25,25-100 km sq,0,,not in Delian League
272,Halous,37.758337,22.013568,most Greek,0.37,25-100 km sq,0,,not in Delian League
273,Helisson,37.612883,22.217753,most Greek,1.37,0-25 km sq,0,evidence of democracy,not in Delian League
274,Heraia,37.605985,21.85941,most Greek,2.25,200-500 km sq,0,evidence of democracy,not in Delian League
275,Kaphiai,37.7666264,22.262624,most Greek,0.87,200-500 km sq,0,,not in Delian League
276,Kleitor,37.893544,22.123335,most Greek,2,500 km sq or more,0,,not in Delian League
277,Koila,38.49903,26.089078,most Greek,0.12,,0,,not in Delian League
278,Kynaitha,38.030556,22.111538,most Greek,0.5,100-200 km sq,0,,not in Delian League
279,Lousoi,37.969024,22.116811,most Greek,1.37,25-100 km sq,0,,not in Delian League
280,Lykosoura,37.3891025,22.0251905,most Greek,1.25,,0,,not in Delian League
281,Mantinea,37.6173785,22.3925775,most Greek,5.5,200-500 km sq,0,evidence of democracy,not in Delian League
282,Megale polis,37.4124175,22.1273485,most Greek,4.25,200-500 km sq,0,evidence of democracy,not in Delian League
283,Methydrion,37.627412,22.168912,most Greek,1.75,25-100 km sq,0,,not in Delian League
284,Nestane,37.616362,22.467824,most Greek,0.12,0-25 km sq,0,,not in Delian League
285,Nonakris,38.014421,22.241203,most Greek,0.37,0-25 km sq,0,,not in Delian League
286,Orchemenos,37.725196,22.3148815,most Greek,3,100-200 km sq,0,,not in Delian League
287,Oresthasion,37.345994,22.206506,most Greek,1,0-25 km sq,0,,not in Delian League
288,Paion,37.83914,21.981451,most Greek,0.5,,0,,not in Delian League
289,Pallantion,37.462155,22.336587,most Greek,1.37,25-100 km sq,0,,not in Delian League
290,Phara,38.093144,21.717095,most Greek,0.12,,0,,not in Delian League
291,Pheneos,37.919454,22.295238,most Greek,0.87,200-500 km sq,0,,not in Delian League
292,Phigaleia,37.396081,21.8419475,most Greek,2.12,100-200 km sq,0,evidence of democracy,not in Delian League
293,Phorieia,37.468145,22.141115,most Greek,0.12,,0,,not in Delian League
294,Psophis,37.871725,21.892903,most Greek,1.5,200-500 km sq,0,,not in Delian League
295,Pylai,37.716667,22.6,most Greek,0.12,,0,,not in Delian League
296,Stymphalos,37.86388048,22.4607719,most Greek,2.12,100-200 km sq,0,,not in Delian League
297,Tegea,37.4596135,22.424283,most Greek,4.25,200-500 km sq,0,evidence of democracy,not in Delian League
298,Teuthis,37.597441,22.041285,most Greek,0.5,,0,,not in Delian League
299,Thaliades,37.782355,21.947446,most Greek,0.25,,0,,not in Delian League
300,Thelphousa,37.710489,21.87884,most Greek,2,200-500 km sq,0,,not in Delian League
301,Thisoa,37.629132,22.093976,most Greek,0.87,,0,,not in Delian League
302,Torthyneion,37.706671,22.154809,most Greek,0.37,,0,,not in Delian League
303,Trapezous,37.456281,22.060685,most Greek,0.87,0-25 km sq,0,,not in Delian League
304,Epeion,37.56585,21.784671,most Greek,0.62,0-25 km sq,0,,not in Delian League
305,Epitalion,37.632054,21.476013,most Greek,0.5,0-25 km sq,0,,not in Delian League
306,Lepreon,37.432321,21.726002,most Greek,2,100-200 km sq,0,,not in Delian League
307,Makiston,37.60974,21.698461,most Greek,1,100-200 km sq,0,,not in Delian League
308,Noudion,37.468145,22.141115,most Greek,0.12,,0,,not in Delian League
309,Phrixa,37.635009,21.71145,most Greek,0.5,0-25 km sq,0,,not in Delian League
310,Pyrgos,37.41666667,21.66666667,most Greek,0.62,,0,,not in Delian League
311,Skillous,37.609552,21.602752,most Greek,0.75,,0,,not in Delian League
312,Aithaia,37.468145,22.141115,most Greek,1,,0,,not in Delian League
313,Asine,36.792813,21.962964,most Greek,1.75,25-100 km sq,1,,not in Delian League
314,Aulon,37.33333333,21.66666667,most Greek,1.12,0-25 km sq,0,,not in Delian League
315,Kardamyle,36.884777,22.237649,most Greek,0.87,0-25 km sq,0,,not in Delian League
316,Korone,36.954171,21.927944,most Greek,1,25-100 km sq,0,,not in Delian League
317,Kyparissos,37.248527,21.681159,most Greek,0.87,100-200 km sq,0,,not in Delian League
318,Messene/Ithome,37.146361,21.943018,most Greek,5.25,200-500 km sq,4,evidence of democracy,not in Delian League
319,Mothone,36.81618,21.705878,most Greek,1.12,25-100 km sq,0,,not in Delian League
320,Pharai,37.25,22.25,most Greek,1,0-25 km sq,0,,not in Delian League
321,Thalamai,36.786208,22.325671,most Greek,0.5,0-25 km sq,0,,not in Delian League
322,Thouria,37.108636,22.044664,most Greek,1.37,0-25 km sq,0,,not in Delian League
323,Aigys,37.246287,22.165456,most Greek,0.87,0-25 km sq,0,,not in Delian League
324,Anthana,37.365778,22.781371,most Greek,0.87,0-25 km sq,0,,not in Delian League
325,Aphroditia/Aphrodisias,,,most Greek,0.5,,0,,not in Delian League
326,Belbina,37.27848,22.286919,most Greek,0.75,0-25 km sq,0,,not in Delian League
327,Boia,36.5282375,23.062276,most Greek,0.87,25-100 km sq,0,,not in Delian League
328,Chen,36.75,22.75,most Greek,0.25,,0,,not in Delian League
329,Epidauros,36.732711,23.033451,most Greek,0.75,25-100 km sq,0,,not in Delian League
330,Etis,36.5,23.08333333,most Greek,0.5,,0,,not in Delian League
331,Eua,37.377923,22.656854,most Greek,1.12,,0,,not in Delian League
332,Geronthrai,36.992193,22.706912,most Greek,1.12,25-100 km sq,0,,not in Delian League
333,Gytheion,36.7600725,22.5626005,most Greek,1,25-100 km sq,0,,not in Delian League
334,Kromnos,37.332507,22.093167,most Greek,0.75,0-25 km sq,0,,not in Delian League
335,Kyphanta,36.961993,22.989822,most Greek,0.37,0-25 km sq,0,,not in Delian League
336,Kythera,36.262287,22.978222,most Greek,1.75,200-500 km sq,0,,in Delian League
337,Las,36.725537,22.498245,most Greek,1,0-25 km sq,0,,not in Delian League
338,Oinous,,,most Greek,0.37,,0,,not in Delian League
339,Oios,37.468145,22.141115,most Greek,0.62,0-25 km sq,0,,not in Delian League
340,Oitylos/Beitylos,36.705058,22.3848,most Greek,0.62,0-25 km sq,0,,not in Delian League
341,Pellana,37.2067635,22.331965,most Greek,0.75,0-25 km sq,0,,not in Delian League
342,Prasiai,37.144402,22.890275,most Greek,1,25-100 km sq,0,,not in Delian League
343,Sellasia,37.166485,22.416414,most Greek,0.62,0-25 km sq,0,,not in Delian League
344,Side,36.469167,23.154167,most Greek,0.37,0-25 km sq,0,,not in Delian League
345,Sparta/Lakedaimon,37.0804631,22.42837425,most Greek,14.62,500 km sq or more,7,no evidence of democracy,not in Delian League
346,Thyrea,37.41666667,22.66666667,most Greek,1.12,0-25 km sq,0,,not in Delian League
347,Argos,37.631561,22.719464,most Greek,7.87,500 km sq or more,1,evidence of democracy,not in Delian League
348,Epidauros,37.6334625,23.16015635,most Greek,4.37,200-500 km sq,4,evidence of democracy,not in Delian League
349,Halieis,37.3082921,23.14481395,most Greek,1.87,25-100 km sq,0,,not in Delian League
350,Hermion,37.385218,23.243591,most Greek,2.25,200-500 km sq,0,,not in Delian League
351,Kleonai,37.8114175,22.774295,most Greek,1.37,100-200 km sq,0,,not in Delian League
352,Methana,37.5839485,23.3696045,most Greek,1,25-100 km sq,0,,not in Delian League
353,Mykenai,37.73036675,22.75557475,most Greek,1.12,25-100 km sq,0,,not in Delian League
354,Orneai,37.717853,22.547276,most Greek,1.12,0-25 km sq,0,,not in Delian League
355,Phleious,37.831664,22.641069,most Greek,3.5,100-200 km sq,0,evidence of democracy,not in Delian League
356,Tiryns,37.5980815,22.799768,most Greek,1.37,25-100 km sq,0,,not in Delian League
357,Troizen,37.496395,23.362444,most Greek,3.5,200-500 km sq,2,,not in Delian League
358,Aigina,37.7500745,23.4285005,most Greek,4.25,25-100 km sq,2,no evidence of democracy,in Delian League
359,Belbina,37.476608,23.92397,most Greek,0.5,0-25 km sq,0,,in Delian League
360,Kalaureia,37.516667,23.483333,most Greek,1.25,25-100 km sq,0,,not in Delian League
361,Athenai,37.97582976,23.7261584,most Greek,20.87,500 km sq or more,39,evidence of democracy,not in Delian League
362,Eleusis,38.041101,23.537401,most Greek,1.37,0-25 km sq,0,no evidence of democracy,not in Delian League
363,Salamis,37.948092,23.53080433,most Greek,2.75,25-100 km sq,0,,not in Delian League
364,Athenai Diades,38.842285,22.982897,most Greek,1.25,0-25 km sq,0,,in Delian League
365,Chalkis,38.457139,23.621937,most Greek,4.5,500 km sq or more,7,evidence of democracy,in Delian League
366,Diakrioi en Euboia,,,most Greek,0.5,,0,,in Delian League
367,Diakrioi apo Chalkideon,,,most Greek,0.37,,0,,in Delian League
368,Dion,38.849584,22.850558,most Greek,1.25,0-25 km sq,0,,in Delian League
369,Dystos,38.355289,24.145303,most Greek,1.37,0-25 km sq,0,,not in Delian League
370,Eretria,38.39742467,23.79223733,most Greek,8.25,500 km sq or more,6,evidence of democracy,in Delian League
371,Grynchai,38.401105,24.15984,most Greek,0.5,0-25 km sq,0,,in Delian League
372,Histiaia/Oreos,38.946604,23.090527,most Greek,4.12,200-500 km sq,0,evidence of democracy,in Delian League
373,Karystos,38.016541,24.420381,most Greek,3.37,200-500 km sq,0,evidence of democracy,in Delian League
374,Orobiai,38.82251,23.214315,most Greek,0.75,0-25 km sq,0,,not in Delian League
375,Peraia,38.4012,23.413552,most Greek,0.5,,0,,not in Delian League
376,Posideion,39,23.33333333,most Greek,0.37,0-25 km sq,0,,in Delian League
377,Styra,38.1521563,24.2476977,most Greek,1.37,0-25 km sq,0,,in Delian League
378,Alope,38.80837,22.8804165,most Greek,0.5,0-25 km sq,0,,not in Delian League
379,Alponos,38.83333333,22.58333333,most Greek,0.87,0-25 km sq,0,,not in Delian League
380,Halai,38.653765,23.193751,most Greek,1.62,25-100 km sq,0,,not in Delian League
381,Knemides,38.784137,22.832513,most Greek,0.37,0-25 km sq,0,,not in Delian League
382,Kynos,38.718371,23.070173,most Greek,0.75,0-25 km sq,0,,not in Delian League
383,Larymna,38.567348,23.281349,most Greek,1.25,0-25 km sq,0,,not in Delian League
384,Naryka,38.717051,22.728224,most Greek,0.75,0-25 km sq,0,,not in Delian League
385,Nikaia,38.811966,22.617322,most Greek,0.62,0-25 km sq,0,,not in Delian League
386,Opous,38.6306405,23.047878,most Greek,3,25-100 km sq,0,no evidence of democracy,not in Delian League
387,Skarpheia,38.810499,22.67653057,most Greek,0.62,,0,,not in Delian League
388,Thronion,38.775841,22.725727,most Greek,1.5,0-25 km sq,0,,not in Delian League
389,Akyphas/Pindos,38.685487,22.379868,most Greek,1,0-25 km sq,0,,not in Delian League
390,Boion,38.658144,22.4474125,most Greek,0.25,0-25 km sq,0,,not in Delian League
391,Erineos,38.694365,22.415737,most Greek,0.25,0-25 km sq,0,,not in Delian League
392,Kytinion,38.715386,22.508769,most Greek,0.5,0-25 km sq,0,,not in Delian League
393,Amphanai,39.294909,22.954643,most Greek,0.87,,0,,not in Delian League
394,Argoussa,39.654629,22.350561,most Greek,0.62,25-100 km sq,0,,not in Delian League
395,Atrax,39.571253,22.1995565,most Greek,1.5,25-100 km sq,0,,not in Delian League
396,Gomphoi,39.436045,21.676806,most Greek,1.75,25-100 km sq,0,,not in Delian League
397,Gyrton/Gyrtone,39.798151,22.569853,most Greek,0.87,25-100 km sq,0,,not in Delian League
398,Kierion,39.361088,22.075455,most Greek,1,25-100 km sq,0,,not in Delian League
399,Kondaia,39.798543,22.396606,most Greek,0.62,,0,,not in Delian League
400,Krannon,39.4991145,22.304133,most Greek,1.75,100-200 km sq,0,no evidence of democracy,not in Delian League
401,Larisa,38.955227,22.8448235,most Greek,4.25,100-200 km sq,0,no evidence of democracy,not in Delian League
402,Methylion,38.4012,23.413552,most Greek,0.62,,0,,not in Delian League
403,Metropolis,39.33861325,21.83866205,most Greek,1.5,25-100 km sq,0,,not in Delian League
404,Mopsion,39.78742,22.420555,most Greek,0.5,25-100 km sq,0,,not in Delian League
405,Orthos,39.207999,22.045891,most Greek,0.5,,0,,not in Delian League
406,Oxynion,,,most Greek,0.37,,0,,not in Delian League
407,Pagasai,39.310841,22.944398,most Greek,1.37,25-100 km sq,0,no evidence of democracy,not in Delian League
408,Peirasia,39.498523,22.152114,most Greek,0.62,0-25 km sq,0,,not in Delian League
409,Pelinnaion,39.57336578,21.92645127,most Greek,1.62,25-100 km sq,0,,not in Delian League
410,Phakion,38.75,21.25,most Greek,0.37,,0,,not in Delian League
411,Phaloria,39.8466628,21.522324,most Greek,1,,0,,not in Delian League
412,Pharkadon,39.5679935,22.00854075,most Greek,1.37,25-100 km sq,0,,not in Delian League
413,Pharsalos,39.30915475,22.3563245,most Greek,3.62,100-200 km sq,0,no evidence of democracy,not in Delian League
414,Pherai,39.3841465,22.7480955,most Greek,3.87,25-100 km sq,0,no evidence of democracy,not in Delian League
415,Skotoussa,39.37552,22.574579,most Greek,1.62,25-100 km sq,0,,not in Delian League
416,Thetonion,39.293198,22.206056,most Greek,0.37,25-100 km sq,0,,not in Delian League
417,Trikka,39.568904,21.782998,most Greek,1,25-100 km sq,0,,not in Delian League
418,Angeia,39.107716,22.06456,most Greek,0.5,25-100 km sq,0,,not in Delian League
419,Ktimene,39.064237,21.978511,most Greek,0.5,25-100 km sq,0,,not in Delian League
420,Hypata,38.871397,22.25209,most Greek,0.87,,0,,not in Delian League
421,Kapheleis,,,most Greek,0.12,,0,,not in Delian League
422,Korophaioi,,,most Greek,0.12,,0,,not in Delian League
423,Phyrrhagioi,,,most Greek,0.37,,0,,not in Delian League
424,Talana,,,most Greek,0.25,,0,,not in Delian League
425,Chen,38.4012,23.413552,most Greek,0.5,,0,,not in Delian League
426,Parasopioi,,,most Greek,0.25,,0,,not in Delian League
427,Anthele,38.800123,22.510613,most Greek,0.25,0-25 km sq,0,,not in Delian League
428,Antikyre,38.852784,22.430528,most Greek,0.25,25-100 km sq,0,,not in Delian League
429,Echinos,38.893412,22.723917,most Greek,0.62,,0,,not in Delian League
430,Herakleia,38.792037,22.447577,most Greek,3.75,25-100 km sq,0,,not in Delian League
431,Lamia,38.902996,22.442593,most Greek,2.12,25-100 km sq,0,,not in Delian League
432,Trachis,38.792037,22.447577,most Greek,0.87,0-25 km sq,0,,not in Delian League
433,Antron,38.95098,22.967482,most Greek,0.5,,0,,not in Delian League
434,Ekkarra,39.08032,22.21147,most Greek,0.5,25-100 km sq,0,,not in Delian League
435,Halos,39.14854852,22.82234597,most Greek,1,25-100 km sq,0,,not in Delian League
436,Kypaira,39.031506,22.082503,most Greek,0.37,25-100 km sq,0,,not in Delian League
437,Larisa,38.955227,22.8448235,most Greek,1,,0,,not in Delian League
438,Melitaia,39.045599,22.451554,most Greek,0.87,25-100 km sq,0,,not in Delian League
439,Peuma,39.20101243,22.53210477,most Greek,0.62,0-25 km sq,0,,not in Delian League
440,Phylake,39.289349,22.762367,most Greek,0.12,,0,,not in Delian League
441,Proerna,39.241243,22.297255,most Greek,0.62,25-100 km sq,0,,not in Delian League
442,Pyrasos,39.2763225,22.8296175,most Greek,0.5,25-100 km sq,0,,not in Delian League
443,Thaumakoi,39.126554,22.321996,most Greek,0.75,25-100 km sq,0,,not in Delian League
444,Thebai,38.319156,23.317577,most Greek,1.62,200-500 km sq,0,,not in Delian League
445,Amyros,39.660329,22.693428,most Greek,0.62,,0,,not in Delian League
446,Eureaioi,,,most Greek,0.37,,0,,not in Delian League
447,Eurymenai,39.8427875,22.7816365,most Greek,0.37,,0,,not in Delian League
448,Homolion,39.892051,22.6540015,most Greek,0.75,25-100 km sq,0,,not in Delian League
449,Iolkos,39.366305,22.96886,most Greek,0.5,0-25 km sq,0,,not in Delian League
450,Kasthanaie,39.571201,22.95459,most Greek,0.37,25-100 km sq,0,,not in Delian League
451,Kikynethos,39.1667,23.0833,most Greek,0.12,0-25 km sq,0,,not in Delian League
452,Korakai,,,most Greek,0.75,,0,,not in Delian League
453,Meliboia,39.748889,22.799444,most Greek,0.62,25-100 km sq,0,,not in Delian League
454,Methone,39.327998,23.069231,most Greek,0.75,0-25 km sq,0,,not in Delian League
455,Olizon,39.128079,23.21081,most Greek,0.37,25-100 km sq,0,,not in Delian League
456,Oxoniaioi,,,most Greek,0.12,,0,,not in Delian League
457,Rhizous,39.8019955,22.84759,most Greek,0.25,25-100 km sq,0,,not in Delian League
458,Spalauthra,39.183477,23.225085,most Greek,0.5,25-100 km sq,0,,not in Delian League
459,Azoros,39.988295,22.0888255,most Greek,0.25,25-100 km sq,0,,not in Delian League
460,Chyretiai,39.800136,22.152018,most Greek,0.5,25-100 km sq,0,,not in Delian League
461,Doliche,40.059406,22.169466,most Greek,1,25-100 km sq,0,,not in Delian League
462,Ereikinion,39.702373,21.994174,most Greek,0.37,25-100 km sq,0,,not in Delian League
463,Gonnos,39.858934,22.498138,most Greek,1.12,100-200 km sq,0,,not in Delian League
464,Malloia,39.876194,22.091553,most Greek,0.37,25-100 km sq,0,,not in Delian League
465,Mondaia,39.9596,21.938448,most Greek,0.5,25-100 km sq,0,,not in Delian League
466,Mylai,39.753837,22.098733,most Greek,0.62,25-100 km sq,0,,not in Delian League
467,Oloosson,39.89278,22.215715,most Greek,1.12,25-100 km sq,0,,not in Delian League
468,Phalanna,39.708507,22.193106,most Greek,1.5,25-100 km sq,0,,not in Delian League
469,Pythoion,40.0833,22.15,most Greek,1.12,25-100 km sq,0,,not in Delian League
470,Argethia,39.9167,22.05,most Greek,0.37,,0,,not in Delian League
471,Aigiale,36.90637,25.998408,most Greek,0.5,25-100 km sq,0,,not in Delian League
472,Arkesine,36.7993565,25.8117355,most Greek,0.87,25-100 km sq,0,,not in Delian League
473,Minoa,36.8241875,25.8640625,most Greek,0.37,25-100 km sq,0,,not in Delian League
474,Anaphe,36.350459,25.76846,most Greek,1.12,25-100 km sq,0,,in Delian League
475,Andros,37.8188329,24.8323379,most Greek,2.5,200-500 km sq,4,evidence of democracy,in Delian League
476,Astypalaia,36.547366,26.35142,most Greek,1.62,25-100 km sq,1,,in Delian League
477,Chalke,36.228735,27.574826,most Greek,1.25,25-100 km sq,0,,in Delian League
478,Delos,37.400439,25.267471,most Greek,3.5,0-25 km sq,2,,in Delian League
479,Helene,37.687222,24.116944,most Greek,0.12,0-25 km sq,0,,not in Delian League
480,Oine,37.6305806,26.0732143,most Greek,1.12,100-200 km sq,0,,in Delian League
481,Therma,37.6305806,26.0732143,most Greek,0.62,100-200 km sq,0,,in Delian League
482,Ikos,39.163501,23.900777,most Greek,0.62,25-100 km sq,0,,in Delian League
483,Imbros,40.233058,25.903047,most Greek,1.87,200-500 km sq,0,,in Delian League
484,Ios,36.7231329,25.28259345,most Greek,1.5,100-200 km sq,0,,in Delian League
485,Kalymna,36.9783009,27.0081067,most Greek,2.62,25-100 km sq,0,,in Delian League
486,Arkesseia,35.5,27.08333333,most Greek,0.5,0-25 km sq,0,,in Delian League
487,Brykous,35.83333333,27.16666667,most Greek,0.75,0-25 km sq,0,,in Delian League
488,Eteokarpathioi,35.58333333,27.16666667,most Greek,0.75,,0,,in Delian League
489,Karpathos,35.5833,27.1333,most Greek,1.25,,0,,in Delian League
490,Kasos,35.421314,26.910656,most Greek,0.5,25-100 km sq,0,,in Delian League
491,Ioulis,37.640469,24.340442,most Greek,2.12,25-100 km sq,0,evidence of democracy,not in Delian League
492,Karthaia,37.560259,24.330211,most Greek,1.37,25-100 km sq,0,,not in Delian League
493,Koresia,37.658699,24.3111875,most Greek,1.62,0-25 km sq,0,,in Delian League
494,Poiessa,37.599492,24.277992,most Greek,0.87,25-100 km sq,0,,not in Delian League
495,Keria,36.8795325,25.609403,most Greek,0.25,0-25 km sq,0,,in Delian League
496,Kimolos,36.793183,24.57346,most Greek,0.75,25-100 km sq,0,,in Delian League
497,Kos,36.8958903,27.2904682,most Greek,4.87,200-500 km sq,0,evidence of democracy,in Delian League
498,Astypalaia/2,36.74699267,26.95877067,most Greek,0.62,100-200 km sq,0,,not in Delian League
499,Kos Meropis,36.89326867,27.28742433,most Greek,0.75,100-200 km sq,0,,not in Delian League
500,Halasarna,36.7814565,27.1378155,most Greek,0.37,0-25 km sq,0,,not in Delian League
501,Kythnos,37.412293,24.429784,most Greek,1.25,25-100 km sq,0,,in Delian League
502,Myrina,39.878652,25.06186,most Greek,1.25,100-200 km sq,0,,in Delian League
503,Hephaistia,39.9654755,25.322257,most Greek,1,100-200 km sq,0,,in Delian League
504,Leros,37.158037,26.854663,most Greek,1,25-100 km sq,0,,not in Delian League
505,Melos,36.743864,24.423276,most Greek,2.87,100-200 km sq,0,,in Delian League
506,Mykonos,37.445959,25.328619,most Greek,0.87,25-100 km sq,0,,in Delian League
507,Naxos,37.103871,25.377595,most Greek,5.87,200-500 km sq,0,,in Delian League
508,Nisyros,36.587875,27.172056,most Greek,1.37,25-100 km sq,0,,in Delian League
509,Paros,37.08579,25.150728,most Greek,7.25,100-200 km sq,3,evidence of democracy,in Delian League
510,Panormos,39.08333333,23.66666667,most Greek,0.12,0-25 km sq,0,,not in Delian League
511,Peparethos,39.119096,23.719616,most Greek,0.25,25-100 km sq,0,,in Delian League
512,Seleinous,39.16666667,23.66666667,most Greek,0.25,0-25 km sq,0,,not in Delian League
513,Pholegandros,36.66666667,24.91666667,most Greek,0.62,25-100 km sq,0,,in Delian League
514,Rheneia,37.41206,25.213287,most Greek,0.87,0-25 km sq,0,,in Delian League
515,Samothrake,40.50370085,25.53004955,most Greek,2.5,100-200 km sq,4,,in Delian League
516,Saros,35.91666667,27.25,most Greek,0.75,0-25 km sq,0,,in Delian League
517,Seriphos,37.16666667,24.5,most Greek,1,25-100 km sq,0,,in Delian League
518,Sikinos,36.683056,25.11667,most Greek,0.75,25-100 km sq,0,,in Delian League
519,Siphnos,36.9847,24.6681,most Greek,2.12,25-100 km sq,0,evidence of democracy,in Delian League
520,Skiathos,39.164021,23.488506,most Greek,1.25,25-100 km sq,0,,in Delian League
521,Skyros,38.902984,24.565356,most Greek,2.25,200-500 km sq,0,,in Delian League
522,Syme,36.61839,27.843425,most Greek,0.75,25-100 km sq,0,,in Delian League
523,Syros,37.43333333,24.93333333,most Greek,1.37,100-200 km sq,0,,in Delian League
524,Telos,36.463938,27.338729,most Greek,1.25,25-100 km sq,0,,in Delian League
525,Tenos,37.607,25.114,most Greek,3.75,100-200 km sq,0,evidence of democracy,in Delian League
526,Thasos,40.779818,24.7106185,most Greek,8.75,200-500 km sq,10,evidence of democracy,in Delian League
527,Thera,36.363374,25.477816,most Greek,3.87,25-100 km sq,1,evidence of democracy,in Delian League
528,Aiane,40.165157,21.820987,most Greek,0.75,,0,no evidence of democracy,not in Delian League
529,Aigeai,40.48423087,22.3195276,most Greek,2,25-100 km sq,0,,not in Delian League
530,Alebaia,,,most Greek,0.25,,0,,not in Delian League
531,Allante,40.734818,22.598961,most Greek,0.62,,0,,not in Delian League
532,Aloros,40.588605,22.597349,most Greek,0.25,,0,,not in Delian League
533,Beroia,40.52212667,22.20149267,most Greek,2.5,200-500 km sq,0,no evidence of democracy,not in Delian League
534,Dion,40.17485,22.488682,most Greek,1.62,200-500 km sq,0,,not in Delian League
535,Edessa,40.799718,22.053972,most Greek,1.12,200-500 km sq,0,,not in Delian League
536,Europos,40.899846,22.556736,most Greek,0.62,,0,,not in Delian League
537,Herakleion,40,22.66666667,most Greek,0.5,100-200 km sq,0,,in Delian League
538,Ichnai,40.764014,22.591256,most Greek,1,,0,,not in Delian League
539,Kyrrhos,40.805298,22.2912025,most Greek,0.87,200-500 km sq,0,,not in Delian League
540,Leibethra,40.037748,22.528396,most Greek,0.87,100-200 km sq,0,,not in Delian League
541,Methone,40.446376,22.587828,most Greek,1.12,100-200 km sq,0,,in Delian League
542,Mieza,40.6380805,22.1170755,most Greek,0.87,,0,,not in Delian League
543,Pella,40.76675213,22.50673528,most Greek,2.12,200-500 km sq,0,,not in Delian League
544,Pydna,40.394976,22.560095,most Greek,1.5,100-200 km sq,0,,not in Delian League
545,Apollonia,40.623703,23.469685,most Greek,0.75,200-500 km sq,0,,not in Delian League
546,Arethousa,40.62204,23.621241,most Greek,1,25-100 km sq,0,,not in Delian League
547,Bormiskos,40.676875,23.678073,most Greek,0.37,25-100 km sq,0,,in Delian League
548,Chalestra,40.66666667,22.75,,0.62,,0,,not in Delian League
549,Herakleia,40.75,22.66666667,most Greek,0.37,,0,,not in Delian League
550,Lete,40.74493,22.978076,most barbarian,0.75,,0,,not in Delian League
551,Sindos,40.670226,22.808289,most barbarian,0.37,,0,,not in Delian League
552,Therme,40.58155,22.94402,most barbarian,1.12,200-500 km sq,0,,not in Delian League
553,Amphipolis,40.8219755,23.847005,most Greek,2.5,500 km sq or more,0,evidence of democracy,not in Delian League
554,Argilos,40.7819725,23.8123785,most Greek,1.75,25-100 km sq,0,,in Delian League
555,Traїlos,40.844865,23.721626,most barbarian,0.75,,0,,in Delian League
556,Aige,39.978627,23.666064,most Greek,0.37,25-100 km sq,0,,in Delian League
557,Aineia,40.439481,22.879124,most Greek,1.25,0-25 km sq,0,,in Delian League
558,Aioleion,40.302463,23.181617,most Greek,0.75,0-25 km sq,0,,in Delian League
559,Akanthos,40.39975,23.880112,most Greek,2,100-200 km sq,0,evidence of democracy,in Delian League
560,Akrothooi,40.183833,24.34933,most barbarian,0.5,25-100 km sq,0,,in Delian League
561,Alapta,,,most Greek,0.12,,0,,not in Delian League
562,Anthemous,40.417722,23.284334,most Greek,0.62,200-500 km sq,0,,not in Delian League
563,Aphytis,40.099366,23.436606,most Greek,1.87,25-100 km sq,0,evidence of democracy,in Delian League
564,Assera,40.369294,23.830518,most Greek,0.87,25-100 km sq,0,,in Delian League
565,Charadrous,,,most barbarian,0.12,,0,,not in Delian League
566,Chedrolioi,40.046745,22.35171,most Greek,0.37,,0,,in Delian League
567,Chytropolis,,,most Greek,0.12,,0,,not in Delian League
568,Dikaia,40.460491,22.947121,most Greek,1,,0,evidence of democracy,in Delian League
569,Dion,40.355943,24.163782,most barbarian,0.87,0-25 km sq,0,,in Delian League
570,Eion,40.7893235,23.872848,most Greek,0.25,,0,,not in Delian League
571,Galepsos,40.200006,23.688564,most Greek,1.5,25-100 km sq,0,,in Delian League
572,Gigonos,40.326285,23.022765,most Greek,0.25,0-25 km sq,0,,in Delian League
573,Haisa,40.309275,23.060368,most Greek,0.5,0-25 km sq,0,,in Delian League
574,Istasos,,,,0.12,,0,,not in Delian League
575,Kalindoia,40.563778,23.357944,most Greek,0.62,,0,,not in Delian League
576,Kamakai,,,,0.37,,0,,in Delian League
577,Kampsa,,,most Greek,0.5,,0,,not in Delian League
578,Kissos,,,most Greek,0.37,,0,,not in Delian League
579,Kithas,40.396714,23.055907,,0.25,,0,,in Delian League
580,Kleonai,40.214176,24.233651,most barbarian,1.12,0-25 km sq,0,,in Delian League
581,Kombreia,,,,0.37,,0,,not in Delian League
582,Lipaxos,,,,0.12,,0,,not in Delian League
583,Mekyberna,40.278319,23.396101,most Greek,1.37,0-25 km sq,0,,in Delian League
584,Mende,39.971454,23.39806,most Greek,2.5,25-100 km sq,2,evidence of democracy,in Delian League
585,Milkoros,,,,0.5,,0,,in Delian League
586,Neapolis,40.934324,24.414039,most Greek,0.75,25-100 km sq,0,,in Delian League
587,Olophyxos,40.330422,24.190639,most barbarian,0.62,0-25 km sq,0,,in Delian League
588,Olynthos,40.29464475,23.3524935,most Greek,3.62,500 km sq or more,0,,in Delian League
589,Osbaioi,,,,0.37,,0,,not in Delian League
590,Othoros,,,,0.37,,0,,in Delian League
591,Pharbelos,,,,0.5,,0,,in Delian League
592,Phegontioi,,,,0.37,,0,,in Delian League
593,Piloros,40.342219,23.724709,most Greek,0.25,,0,,in Delian League
594,Pistasos,,,,0.12,,0,,in Delian League
595,Pleume,40.295137,23.20344,,0.25,0-25 km sq,0,,in Delian League
596,Polichnitai,40.369151,23.664835,most Greek,0.37,,0,,in Delian League
597,Posideion,,,,0.25,,0,,in Delian League
598,Poteidaia,40.193696,23.327812,most Greek,2.25,25-100 km sq,0,,in Delian League
599,Prassilos,,,,0.12,,0,,in Delian League
600,Sane,40.363569,23.934807,most Greek,1,25-100 km sq,0,,in Delian League
601,Sane/2,40.098381,23.306117,most Greek,0.5,25-100 km sq,0,,not in Delian League
602,Sarte,40.087542,23.978698,most Greek,0.37,,0,,in Delian League
603,Serme,40.58155,22.94402,,0.37,,0,,in Delian League
604,Sermylia,40.298222,23.539631,most Greek,1.12,0-25 km sq,0,,in Delian League
605,Singos,40.24917,23.721477,most Greek,0.62,25-100 km sq,0,,in Delian League
606,Sinos,40.291278,23.223955,,0.25,0-25 km sq,0,,in Delian League
607,Skabala,40.332591,23.590555,most Greek,0.37,25-100 km sq,0,,in Delian League
608,Skapsaioi,,,most Greek,0.25,,0,,in Delian League
609,Skione,39.939063,23.574785,most Greek,1.75,25-100 km sq,0,,in Delian League
610,Skithai,40.396714,23.055907,most Greek,0.25,,0,,not in Delian League
611,Smila,40.046745,22.35171,,0.25,,0,,in Delian League
612,Spartolos,40.316347,23.159843,most Greek,0.87,,0,,in Delian League
613,Stagiros,40.5926245,23.7939045,most Greek,2.12,200-500 km sq,0,,in Delian League
614,Stolos,40.369151,23.664835,most Greek,0.87,25-100 km sq,0,,in Delian League
615,Strepsa,40.483197,23.138509,most Greek,1.25,,0,,in Delian League
616,Therambos,39.91666667,23.66666667,most Greek,0.87,25-100 km sq,0,,in Delian League
617,Thestoros,,,,0.37,,0,,in Delian League
618,Thyssos,40.288017,24.158674,most barbarian,0.5,0-25 km sq,0,,in Delian League
619,Tinde,40.395222,23.026394,,0.25,,0,,in Delian League
620,Torone,39.9766652,23.90445065,most Greek,2.5,100-200 km sq,0,evidence of democracy,in Delian League
621,Tripoaia,40.563778,23.357944,,0.25,,0,,in Delian League
622,Zereia,40.25,23.25,,0.12,,0,,in Delian League
623,Aison,,,,0.62,,0,,in Delian League
624,Brea,40.288041,23.129408,most Greek,0.25,,0,,not in Delian League
625,Kossaia,,,,0.25,,0,,in Delian League
626,Okolon,,,,0.12,,0,,not in Delian League
627,Apollonia,40.744165,24.137678,most Greek,0.37,,0,,not in Delian League
628,Berga,40.910982,23.508247,most barbarian,1.62,100-200 km sq,0,,in Delian League
629,Datos,40.91666667,24.33333333,most barbarian,1.5,100-200 km sq,0,,not in Delian League
630,Eion,40.7893235,23.872848,most Greek,1.62,100-200 km sq,0,,not in Delian League
631,Galepsos,40.740429,23.986017,most Greek,1.5,100-200 km sq,0,,in Delian League
632,Krenides,41.0132446,24.28434863,most Greek,0.62,,0,,not in Delian League
633,Myrkinos,40.90722,23.819454,most barbarian,0.75,100-200 km sq,0,no evidence of democracy,not in Delian League
634,Neapolis,40.934324,24.414039,most Greek,2.87,25-100 km sq,0,evidence of democracy,in Delian League
635,Oisyme,40.828906,24.300929,most Greek,1.87,100-200 km sq,0,,not in Delian League
636,Phagres,40.760666,23.940471,most Greek,1,100-200 km sq,0,,not in Delian League
637,Philippoi,41.02518,24.334511,most Greek,2.25,25-100 km sq,0,no evidence of democracy,not in Delian League
638,Pistyros,40.968496,24.603854,most Greek,0.75,100-200 km sq,1,,not in Delian League
639,Sirra,41.087975,23.542453,most barbarian,0.62,100-200 km sq,0,,not in Delian League
640,Abdera,40.93950935,24.9795992,most Greek,6.25,500 km sq or more,1,evidence of democracy,in Delian League
641,Ainos,40.7248985,26.085729,most Greek,2.5,200-500 km sq,0,,in Delian League
642,Bergepolis,41.057585,25.013705,,0.37,,0,,not in Delian League
643,Dikaia,40.99287,25.165653,most Greek,1.37,25-100 km sq,0,,in Delian League
644,Drys,40.856489,25.675192,,0.75,25-100 km sq,0,,in Delian League
645,Kypsela,40.9245125,26.3920505,most barbarian,0.37,,0,,not in Delian League
646,Maroneia,40.873751,25.511426,most Greek,3,500 km sq or more,0,,in Delian League
647,Mesambrie,40.86393,25.630902,,0.62,25-100 km sq,0,,not in Delian League
648,Orthagoria,,,most Greek,0.37,,0,,not in Delian League
649,Sale,40.844659,25.875051,,0.25,100-200 km sq,0,,in Delian League
650,Stryme,40.93661,25.282291,most Greek,1.5,100-200 km sq,0,,not in Delian League
651,Zone,40.848568,25.755818,most Greek,1.5,25-100 km sq,0,,in Delian League
652,Alexandropolis,,,most barbarian,0.5,,0,,not in Delian League
653,Apros,41,27.08333333,,0.25,,0,,not in Delian League
654,Kabyle,42.5393535,26.481552,,1.87,,0,,not in Delian League
655,Philoppopolis,42.143739,24.749842,,1.87,,0,,not in Delian League
656,Pistiros,40.968496,24.603854,most barbarian,2.75,,0,,not in Delian League
657,Seuthopolis,42.61977195,25.33686355,,1.12,,0,,not in Delian League
658,Aigos potamoi,40.331504,26.59366,most Greek,0.75,0-25 km sq,0,,not in Delian League
659,Alopekonnesos,40.313939,26.249544,most Greek,1.5,25-100 km sq,1,no evidence of democracy,in Delian League
660,Araplos,40.75,26.75,most Greek,0.12,,0,,not in Delian League
661,Chersonesos/Agora,40.5,26.75,most Greek,1.87,100-200 km sq,0,no evidence of democracy,in Delian League
662,Deris,40.657809,26.808976,most Greek,0.25,,0,,in Delian League
663,Elaious,40.054457,26.223326,most Greek,1.75,25-100 km sq,0,no evidence of democracy,in Delian League
664,Ide,40.504079,26.689216,most Greek,0.12,,0,,not in Delian League
665,Kardia,40.548232,26.75081,most Greek,1.62,25-100 km sq,0,no evidence of democracy,not in Delian League
666,Kressa,40.351152,26.625855,most Greek,0.25,,0,,not in Delian League
667,Krithote,40.406725,26.651664,most Greek,0.75,25-100 km sq,0,no evidence of democracy,not in Delian League
668,Limnai,40.27056,26.272679,most Greek,0.75,25-100 km sq,0,no evidence of democracy,in Delian League
669,Madytos,40.186504,26.357002,most Greek,1.12,100-200 km sq,0,no evidence of democracy,in Delian League
670,Paion,40.505429,26.639597,,0.12,,0,,not in Delian League
671,Paktye,40.485384,26.780688,most Greek,0.62,0-25 km sq,0,no evidence of democracy,not in Delian League
672,Sestos,40.2206527,26.40291625,most Greek,2.12,100-200 km sq,0,no evidence of democracy,in Delian League
673,Bisanthe,40.978415,27.508023,most Greek,1.12,25-100 km sq,0,,in Delian League
674,Byzantion,41.01224,28.976018,most Greek,5.87,500 km sq or more,1,evidence of democracy,in Delian League
675,Daminon Teichos,41.08333,28.08333,most Greek,0.5,0-25 km sq,0,,in Delian League
676,Heraion/Heraion Teichos,41.023945,27.742027,most Greek,1,0-25 km sq,0,,not in Delian League
677,Neapolis,40.638101,27.1810735,most Greek,0.5,0-25 km sq,0,,in Delian League
678,Perinthos,40.971013,27.952973,most Greek,3.62,500 km sq or more,0,,in Delian League
679,Selymbria,41.078496,28.247677,most Greek,1.25,200-500 km sq,0,,in Delian League
680,Serrion Teichos,40.750541,27.324357,most Greek,0.5,0-25 km sq,0,,in Delian League
681,Tyrodiza,40.617746,27.114093,,0.87,500 km sq or more,0,,in Delian League
682,Apollonia,41.217245,30.263908,most Greek,2,500 km sq or more,0,no evidence of democracy,in Delian League
683,Bizone,43.4338945,28.33814,most Greek,0.62,25-100 km sq,0,,not in Delian League
684,Dionysopolis,43.417781,28.1629075,most Greek,0.87,200-500 km sq,0,,not in Delian League
685,Istros,44.5476,28.7748,most Greek,2,500 km sq or more,2,evidence of democracy,not in Delian League
686,Kallatis,43.817152,28.58275,most Greek,1.87,500 km sq or more,0,,in Delian League
687,Mesambria,40.86393,25.630902,most Greek,2,500 km sq or more,0,,in Delian League
688,Nikonion,46.215722,30.454849,most Greek,0.87,100-200 km sq,0,,in Delian League
689,Odessos,43.2061605,27.9134725,most Greek,1,500 km sq or more,0,,not in Delian League
690,Olbia/Borysthenes,46.691895,31.901597,most Greek,7,500 km sq or more,0,evidence of democracy,not in Delian League
691,Ophiousa,46.2007555,30.350134,most Greek,0.12,,0,,not in Delian League
692,Orgame,44.91666667,28.83333333,most Greek,0.5,0-25 km sq,0,,in Delian League
693,Tomis,44.1728565,28.6497375,most Greek,0.87,200-500 km sq,0,,in Delian League
694,Tyras,46.2007555,30.350134,most Greek,1.37,500 km sq or more,0,,in Delian League
695,Chersonesos,42.280098,27.769811,most Greek,4.12,500 km sq or more,0,evidence of democracy,not in Delian League
696,Gorgippeia,44.89409175,37.3100281,most barbarian,1.75,0-25 km sq,0,,not in Delian League
697,Hermonassa,45.21526333,36.712664,most Greek,1.25,0-25 km sq,0,,not in Delian League
698,Karkinitis,45.203672,33.361389,most Greek,1.5,25-100 km sq,0,,not in Delian League
699,Kepoi,45.299422,36.997343,most Greek,0.87,0-25 km sq,0,,not in Delian League
700,Kimmerikon,45.042315,36.22459,most Greek,0.5,0-25 km sq,0,,in Delian League
701,Kytaia,42.2636535,42.705819,most Greek,0.5,0-25 km sq,0,,not in Delian League
702,Labrys/Labryta,45.158504,37.565719,,0.5,,0,,not in Delian League
703,Myrmekeion,45.33333333,36.5,most Greek,0.75,0-25 km sq,0,,not in Delian League
704,Nymphaion,45.23418433,36.41462733,most barbarian,1.75,0-25 km sq,0,no evidence of democracy,in Delian League
705,Pantikapaion/Bosporos,45.35326233,36.470222,most barbarian,3.5,100-200 km sq,0,no evidence of democracy,not in Delian League
706,Phanagoria,45.27460525,36.97245025,most Greek,2,200-500 km sq,0,no evidence of democracy,not in Delian League
707,Theodosia,45.04609,35.378768,most barbarian,1.12,0-25 km sq,0,no evidence of democracy,not in Delian League
708,Tyritake,45.281685,36.4129155,most Greek,0.37,,0,no evidence of democracy,not in Delian League
709,Dioskouris,42.993299,41.003076,most Greek,1,200-500 km sq,0,,not in Delian League
710,Gyenos,42.75581,41.403117,most barbarian,0.62,0-25 km sq,0,,not in Delian League
711,Phasis,42.135867,41.6923225,most barbarian,1,,0,,not in Delian League
712,Amisos/Peiraieus,41.292721,36.3313,most Greek,2.87,,0,evidence of democracy,not in Delian League
713,Becheirias,,,most Greek,0.12,,0,,not in Delian League
714,Choirades,,,most Greek,0.12,,0,,not in Delian League
715,Herakleia,41.28325533,31.41741367,most Greek,5.75,500 km sq or more,2,evidence of democracy,in Delian League
716,Iasonia,41.043598,29.001901,most Greek,0.12,,0,,not in Delian League
717,Karambis,42.013625,33.369673,most Greek,0.12,,0,,not in Delian League
718,Karoussa,41.810138,35.158944,most Greek,0.12,,0,,not in Delian League
719,Kerasous,40.419134,38.397931,most Greek,0.75,,0,,in Delian League
720,Kinolis,41.9627125,34.154469,most Greek,0.12,,0,,not in Delian League
721,Koloussa,41.947448,34.27145,most Greek,0.12,,0,,not in Delian League
722,Kotyora,41.000154,37.875188,most Greek,0.62,,0,,not in Delian League
723,Kromna,41.838242,32.651063,most Greek,0.5,,0,,not in Delian League
724,Kytoros,41.861928,32.897814,most Greek,0.5,,0,,not in Delian League
725,Limne,,,,0.12,,0,,not in Delian League
726,Lykastos,,,most Greek,0.12,,0,,not in Delian League
727,Odeinios,41,40.75,most Greek,0.12,,0,,not in Delian League
728,Sesamos/Amastris,41.746969,32.385648,most Greek,0.75,,0,,not in Delian League
729,Sinope,42.025776,35.143037,most Greek,6.12,500 km sq or more,3,evidence of democracy,not in Delian League
730,Stameneia,41.112782,37.704183,most Greek,0.12,,0,,not in Delian League
731,Tetrakis,41.5715265,33.1191805,most Greek,0.12,,0,,not in Delian League
732,Themiskyra,41.215176,36.967737,most Greek,0.12,,0,,not in Delian League
733,Tieion,41.558273,32.055366,most Greek,0.87,,0,,not in Delian League
734,Trapezous,41.0042695,39.7233115,most Greek,1,200-500 km sq,0,,not in Delian League
735,Artaiou Teichos,40.366649,28.478392,most barbarian,0.62,,0,,in Delian League
736,Artake,40.402952,27.796268,most Greek,0.75,0-25 km sq,0,,in Delian League
737,Astakos,40.714558,29.928794,most Greek,1.37,,0,,in Delian League
738,Bysbikos,40.58333333,28.5,,0.75,0-25 km sq,0,,in Delian League
739,Darieion,,,,0.12,,0,,in Delian League
740,Daskyleion,40.138708,28.062536,most Greek,0.87,,0,,in Delian League
741,Didymon Teichos,40.25,27.25,,0.25,,0,,in Delian League
742,Harpagion,40.334274,27.391984,most Greek,0.5,,0,,in Delian League
743,Kalchedon,40.983393,29.025789,most Greek,4.5,500 km sq or more,2,evidence of democracy,in Delian League
744,Kallipolis,40.4139,26.6807775,most Greek,0.62,,0,,in Delian League
745,Kios,40.432469,29.15639,most Greek,2,500 km sq or more,0,evidence of democracy,in Delian League
746,Kolonai,40.280834,26.91075,,0.5,,0,,in Delian League
747,Kyzikos,40.3855645,27.883191,most Greek,5.62,500 km sq or more,1,evidence of democracy,in Delian League
748,Lampsakos,40.346685,26.699162,most Greek,4.25,500 km sq or more,1,evidence of democracy,in Delian League
749,Metropolis,,,most Greek,0.12,,0,,in Delian League
750,Miletoupolis,40.083458,28.316486,most Greek,1.25,,0,,not in Delian League
751,Miletouteichos,40.212943,28.429191,most Greek,1,,0,,in Delian League
752,Myrleia,40.37557275,28.88274275,most Greek,1.25,,0,no evidence of democracy,in Delian League
753,Olbia,40.7651905,29.919887,most Greek,0.5,,0,,not in Delian League
754,Otlenoi,,,,0.25,,0,,in Delian League
755,Paisos,40.400225,26.787097,most Greek,0.75,0-25 km sq,0,,in Delian League
756,Parion,40.420499,27.069096,most Greek,3.25,500 km sq or more,0,no evidence of democracy,in Delian League
757,Plakia,40.397648,28.27741,most barbarian,0.62,,0,,not in Delian League
758,Priapos,40.403338,27.303734,most Greek,1.12,25-100 km sq,0,,in Delian League
759,Prokonnesos,40.591686,27.55568,most Greek,2,100-200 km sq,0,no evidence of democracy,in Delian League
760,Pythopolis,40.396001,29.413577,,0.5,,0,,in Delian League
761,Skylake,40.387037,28.388808,most barbarian,0.37,,0,,not in Delian League
762,Sombia,,,,0.5,,0,,in Delian League
763,Tereia,41.3553348,28.3586044,,0.25,,0,,in Delian League
764,Zeleia,40.20357415,27.59613655,,1.62,200-500 km sq,0,evidence of democracy,in Delian League
765,Abydos,40.1951155,26.409131,most Greek,1.62,200-500 km sq,0,no evidence of democracy,in Delian League
766,Achilleion,39.914982,26.1511315,most Greek,0.5,0-25 km sq,0,,in Delian League
767,Antandros,39.5785,26.791496,most barbarian,1.25,200-500 km sq,0,,in Delian League
768,Arisbe,40.19429,26.535763,most Greek,0.37,,0,,in Delian League
769,Assos,39.491111,26.3383585,most Greek,1.62,200-500 km sq,1,no evidence of democracy,in Delian League
770,Astyra Mysia,39.163484,26.906742,most Greek,0.75,0-25 km sq,0,,in Delian League
771,Astyra Troika,40.043192,26.682841,,0.25,,0,,in Delian League
772,Azeia,,,most barbarian,0.5,,0,,in Delian League
773,Birytis,39.949947,26.3972745,,0.62,,0,,in Delian League
774,Dardanos,40.079727,26.37442,most Greek,1.12,25-100 km sq,0,,in Delian League
775,Gargara,39.534465,26.540773,most barbarian,1.25,25-100 km sq,0,,in Delian League
776,Gentinos,39.876943,26.279146,most Greek,0.5,0-25 km sq,0,,in Delian League
777,Gergis,39.898491,26.609255,,1,200-500 km sq,0,no evidence of democracy,not in Delian League
778,Hamaxitos,39.543605,26.09471,most Greek,1,0-25 km sq,0,,in Delian League
779,Ilion,39.9575,26.238889,most Greek,1.62,100-200 km sq,0,evidence of democracy,in Delian League
780,Kebren,39.741803,26.563032,most barbarian,1.25,200-500 km sq,0,,in Delian League
781,Kokylion,39.67291,26.410152,most Greek,0.25,,0,,not in Delian League
782,Kolonai,39.677021,26.166435,most Greek,0.87,25-100 km sq,0,,in Delian League
783,Lamponeia,39.538105,26.421229,,0.62,25-100 km sq,0,,in Delian League
784,Larisa,39.615744,26.147559,most Greek,0.75,25-100 km sq,0,,in Delian League
785,Neandreia,39.719741,26.270341,most Greek,1.12,200-500 km sq,0,,in Delian League
786,Ophryneion,40.035846,26.343963,most Greek,0.75,0-25 km sq,0,,in Delian League
787,Palaiperkote,40.23637,26.686456,,0.37,,0,,in Delian League
788,Perkote,40.273913,26.588806,most Greek,0.5,0-25 km sq,0,,in Delian League
789,Polichna,38.429149,26.57715,,0.25,,0,,in Delian League
790,Rhoiteion,40.011104,26.307891,most Greek,0.87,25-100 km sq,0,,in Delian League
791,Sigeion,39.9835305,26.180869,most Greek,1.25,25-100 km sq,0,no evidence of democracy,in Delian League
792,Skepsis,39.82554,26.688003,most Greek,2,500 km sq or more,0,,in Delian League
793,Tenedos,39.8278355,26.0497905,most Greek,1.5,25-100 km sq,0,evidence of democracy,in Delian League
794,Antissa,39.2908705,26.0197635,most Greek,1.87,200-500 km sq,0,evidence of democracy,not in Delian League
795,Arisba,40.19429,26.535763,most Greek,0.5,25-100 km sq,0,,in Delian League
796,Eresos,39.138899,25.928752,most Greek,3,200-500 km sq,0,evidence of democracy,in Delian League
797,Methymna,39.369167,26.176891,most Greek,3.25,200-500 km sq,0,evidence of democracy,in Delian League
798,Mytilene,39.110475,26.547048,most Greek,8.5,200-500 km sq,2,evidence of democracy,in Delian League
799,Pyrrha,39.127885,26.203993,most Greek,2,200-500 km sq,0,,in Delian League
800,Adramyttion,39.5023635,26.936321,most barbarian,1.37,200-500 km sq,0,,not in Delian League
801,Aigai (Aiolis),36.769676,35.789487,most Greek,1.12,,8,,not in Delian League
802,Aigiroessa,,,most Greek,0.25,,0,,not in Delian League
803,Atarneus,39.093987,26.927974,most barbarian,1.5,200-500 km sq,0,no evidence of democracy,not in Delian League
804,Autokane,39.25,26.75,,0.75,,0,,not in Delian League
805,Boione,,,,0.25,,0,,not in Delian League
806,Chalkis,39.284172,26.602674,,0.5,0-25 km sq,2,,not in Delian League
807,Elaia,40.748896,29.785796,most Greek,1.12,25-100 km sq,0,,in Delian League
808,Gambrion,39.0910834,27.3204017,,0.75,,0,no evidence of democracy,not in Delian League
809,Gryneion/Gryneia,38.874665,27.069173,most Greek,1,0-25 km sq,0,no evidence of democracy,in Delian League
810,Halisarna,39.045111,27.114997,,0.5,,0,no evidence of democracy,not in Delian League
811,Herakleia,38.6185505,27.15813485,,0.5,,0,,not in Delian League
812,Iolla,38.497356,28.260544,,0.37,,0,,not in Delian League
813,Karene,39.17898,26.842283,,0.5,,0,,in Delian League
814,Killa,,,most Greek,0.12,,0,,not in Delian League
815,Kisthene,39.393183,26.813175,,0.5,,0,,not in Delian League
816,Kyllene,38.745271,26.83198,,0.25,0-25 km sq,0,,not in Delian League
817,Kyme,38.761848,26.942154,most Greek,0.62,25-100 km sq,4,evidence of democracy,in Delian League
818,Larisa,38.153004,27.741461,most barbarian,1.87,,0,,in Delian League
819,Leukai,38.546745,26.856796,most barbarian,1.25,0-25 km sq,0,,not in Delian League
820,Magnesia,38.541317,27.4873015,,0.25,,0,,not in Delian League
821,Melanpagos,38.58333333,27.16666667,most Greek,0.25,,0,,not in Delian League
822,Myrina,38.840097,26.985537,most Greek,0.87,0-25 km sq,0,no evidence of democracy,in Delian League
823,Nasos,39.336684,26.654808,most Greek,1,0-25 km sq,0,evidence of democracy,not in Delian League
824,Neon Teichos,38.654427,27.032015,most Greek,0.25,,0,,not in Delian League
825,Notion,37.9928,27.1975,most Greek,0.12,,0,evidence of democracy,not in Delian League
826,Palaigambrion,,,,0.25,,0,no evidence of democracy,not in Delian League
827,Parthenion,39.218103,27.335098,,0.12,,0,,not in Delian League
828,Pergamon,39.13153246,27.18422554,most barbarian,1.12,,0,no evidence of democracy,not in Delian League
829,Perperene,39.240505,26.962332,,0.62,,0,,not in Delian League
830,Pitane,38.928297,26.937453,most Greek,0.87,0-25 km sq,0,,in Delian League
831,Pordoselene,39.336684,26.654808,,1,0-25 km sq,0,,in Delian League
832,Temnos,38.671912,27.196998,most Greek,0.62,,0,,not in Delian League
833,Teuthrania,39.035223,27.054771,,0.5,,0,no evidence of democracy,not in Delian League
834,Thebe,39.597431,27.020171,,0.37,,0,,not in Delian League
835,Tisna,38.772883,27.065592,,0.25,,0,,not in Delian League
836,Achilleion (Ionia),39.914982,26.1511315,most Greek,0.25,,4,,not in Delian League
837,Airai,38.203961,26.701321,most Greek,1.12,0-25 km sq,0,,in Delian League
838,Anaia,37.801915,27.276396,most Greek,1.25,0-25 km sq,0,,not in Delian League
839,Boutheia,38.327245,26.307181,most Greek,0.62,,0,,in Delian League
840,Chios,38.37641,26.1342335,most Greek,10.5,500 km sq or more,2,evidence of democracy,in Delian League
841,Chyton,38.337891,26.741881,most Greek,1,0-25 km sq,0,,not in Delian League
842,Dios Hieron,38.227646,28.083254,most Greek,0.62,0-25 km sq,0,,in Delian League
843,Elaiousioi,,,most Greek,0.37,,0,,in Delian League
844,Ephesos,37.94218342,27.34551256,most Greek,5.25,500 km sq or more,0,evidence of democracy,in Delian League
845,Erythrai,38.382361,26.47994,most Greek,5.12,500 km sq or more,0,evidence of democracy,in Delian League
846,Isinda,36.177475,29.6909065,most Greek,0.25,,0,,in Delian League
847,Klazomenai,38.36785825,26.77774005,most Greek,3.25,,3,evidence of democracy,in Delian League
848,Kolophon,38.0908258,27.157223,most Greek,4.62,200-500 km sq,2,evidence of democracy,in Delian League
849,Korykos,38.16666667,26.58333333,most Greek,0.37,0-25 km sq,0,,not in Delian League
850,Lebedos,38.077883,26.964722,most Greek,1,25-100 km sq,0,,in Delian League
851,Leukophrys,37.8505485,27.526039,most Greek,0.25,,0,,not in Delian League
852,Magnesia,37.8505485,27.526039,most Greek,2,200-500 km sq,0,evidence of democracy,not in Delian League
853,Marathesion,37.829287,27.254483,most Greek,0.37,0-25 km sq,0,,in Delian League
854,Miletos,37.52157586,27.27770558,most Greek,12.25,500 km sq or more,37,evidence of democracy,in Delian League
855,Myonnesos,38.045852,26.855218,most Greek,0.5,0-25 km sq,0,,not in Delian League
856,Myous,37.595252,27.433117,most Greek,1.12,25-100 km sq,0,,in Delian League
857,Naulochon,38.440912,27.14781,most Greek,0.75,0-25 km sq,0,,not in Delian League
858,Notion,37.9928,27.1975,most Greek,1.25,0-25 km sq,0,,in Delian League
859,Phokaia,38.6703265,26.754884,most Greek,2.25,100-200 km sq,4,,in Delian League
860,Polichnitai,38.429149,26.57715,most Greek,0.62,,0,,in Delian League
861,Priene,37.66390819,27.30708905,most Greek,3.87,100-200 km sq,0,evidence of democracy,in Delian League
862,Pteleion,38.480083,26.415179,most Greek,0.5,0-25 km sq,0,,in Delian League
863,Pygela,37.83333333,27.25,most Greek,1.37,0-25 km sq,0,,in Delian League
864,Samos,37.68825,26.944483,most Greek,6.5,500 km sq or more,12,evidence of democracy,in Delian League
865,Samos/2,,,most Greek,1.75,,0,no evidence of democracy,not in Delian League
866,Sidousa,38.65944,26.51564,most Greek,0.62,,0,,in Delian League
867,Smyrna,38.440912,27.14781,most Greek,3.5,200-500 km sq,0,,not in Delian League
868,Teos,38.19002867,26.802757,most Greek,3,100-200 km sq,2,evidence of democracy,in Delian League
869,Thebai,37.66666667,27.16666667,most Greek,1,0-25 km sq,0,,not in Delian League
870,Alabanda,37.59557847,27.97571613,,0.37,200-500 km sq,0,no evidence of democracy,not in Delian League
871,Alinda,37.5588635,27.833014,,0.62,,0,,in Delian League
872,Amos,36.7547855,28.2645905,most barbarian,0.5,,0,,in Delian League
873,Amynandeis,37.002222,27.646106,most barbarian,0.37,0-25 km sq,0,,in Delian League
874,Amyzon,37.59888,27.690896,most barbarian,0.87,,0,,in Delian League
875,Arlissos,,,,0.37,,0,,in Delian League
876,Armelitai,,,,0.37,,0,,not in Delian League
877,Aulai,36.760796,28.134462,most Greek,0.25,,0,,in Delian League
878,Bargasa,37.025229,27.776644,,0.5,,0,,in Delian League
879,Bargylia,37.1957785,27.588037,most barbarian,0.62,0-25 km sq,0,,in Delian League
880,Bolbai,36.87904,27.203635,,0.12,,0,,in Delian League
881,Chalketor,37.349058,27.685712,most barbarian,0.87,0-25 km sq,0,,in Delian League
882,Chersonesos,36.75,28.25,most Greek,0.5,,0,,in Delian League
883,Chios,38.37641,26.1342335,most barbarian,0.37,,0,,in Delian League
884,Erineis,,,,0.25,,0,,in Delian League
885,Euromos,37.378355,27.673196,most barbarian,0.75,0-25 km sq,0,,in Delian League
886,Halikarnassos,37.0382205,27.423765,most barbarian,3.25,25-100 km sq,0,no evidence of democracy,in Delian League
887,Hybliseis,,,,0.5,,0,,in Delian League
888,Hydaieis,37.303307,27.704802,,0.62,0-25 km sq,0,,in Delian League
889,Hydisos,37.1505525,27.8061745,,0.25,,0,,in Delian League
890,Hymisseis,,,most barbarian,0.25,,0,,in Delian League
891,Iasos,37.278837,27.585075,most Greek,2.87,25-100 km sq,0,evidence of democracy,in Delian League
892,Idrias,37.25,28.16666667,most barbarian,0.25,,0,,in Delian League
893,Idyma,37.059443,28.367319,most barbarian,0.5,,0,,in Delian League
894,Kalynda,36.74550375,28.8323485,most barbarian,0.5,,0,,in Delian League
895,Karbasyanda,36.83333333,28.58333333,,0.37,0-25 km sq,0,,in Delian League
896,Karyanda,37.161849,27.529586,most barbarian,0.62,0-25 km sq,0,,in Delian League
897,Kasolaba,,,,0.5,,0,,in Delian League
898,Kaunos,36.827092,28.623687,,1.75,500 km sq or more,0,,in Delian League
899,Kedreai,36.993043,28.2067955,most barbarian,0.62,,0,,in Delian League
900,Keramos,37.041728,27.9562175,,1.25,,0,,in Delian League
901,Killareis,37.181505,27.693076,,1,0-25 km sq,0,,in Delian League
902,Kindye,37.191684,27.650052,most barbarian,1,0-25 km sq,0,no evidence of democracy,in Delian League
903,Knidos,36.6881795,27.3728385,most Greek,4,200-500 km sq,3,evidence of democracy,in Delian League
904,Kodapeis,,,,0.5,,0,,in Delian League
905,Koliyrgeis,37.349625,28.202725,,0.37,,0,,not in Delian League
906,Koranza,,,,0.62,,0,,not in Delian League
907,Krya,36.6975105,28.8686085,,0.25,0-25 km sq,0,,in Delian League
908,Kyllandos,37.067654,28.442249,,0.37,,0,no evidence of democracy,in Delian League
909,Kyrbissos,,,,0.25,,0,,in Delian League
910,Latmos/Herakleia,37.498076,27.53766,most barbarian,1.75,,0,,in Delian League
911,Lepsimandos,37.057579,27.094769,,0.25,0-25 km sq,0,,in Delian League
912,Medmasos,37.08333333,27.33333333,most barbarian,0.5,0-25 km sq,0,,in Delian League
913,Mylasa,37.30275067,27.79023867,most barbarian,2.62,,0,evidence of democracy,in Delian League
914,Myndos,37.073691,27.242415,most Greek,1.25,0-25 km sq,0,,in Delian League
915,Narisbareis,,,,0.12,,0,,in Delian League
916,Naryandos,,,,0.25,,0,,not in Delian League
917,Naxia,37.552756,27.659145,,0.37,0-25 km sq,0,,in Delian League
918,Olaieis,37.08333333,28.33333333,,0.12,,0,,in Delian League
919,Olymos,37.378561,27.735578,most barbarian,0.5,,0,,in Delian League
920,Ouranion,37.093516,27.278841,,0.75,,0,,in Delian League
921,Parpariotai,37.614323,27.544474,,0.25,,0,,in Delian League
922,Passanda,36.83333333,28.58333333,,0.25,,0,,in Delian League
923,Pedasa,37.054602,27.412789,most barbarian,0.5,0-25 km sq,0,,not in Delian League
924,Peleiatai,,,,0.25,,0,,in Delian League
925,Pidasa,37.401041,27.57211,,0.87,,0,,in Delian League
926,Pladasa,37.087317,28.079785,,0.62,,0,,in Delian League
927,Pyrindos,,,most Greek,0.25,,0,,not in Delian League
928,Pyrnos,36.885007,28.445529,,0.25,,0,,in Delian League
929,Salmakis,,,,0.37,,0,,not in Delian League
930,Siloi,,,,0.25,,0,,in Delian League
931,Syangela/Theangela,37.044491,27.59493,,1.62,25-100 km sq,0,no evidence of democracy,in Delian League
932,Talagreis,,,,0.12,,0,,not in Delian League
933,Taramptos,37.141382,27.490228,,0.12,0-25 km sq,0,,in Delian League
934,Tarbaneis,,,,0.25,,0,,in Delian League
935,Telandros,36.6745405,28.91627,,0.62,0-25 km sq,0,,in Delian League
936,Telemessos,36.62214407,29.11414693,most barbarian,0.37,0-25 km sq,0,,not in Delian League
937,Termera,36.995872,27.298363,most barbarian,0.5,0-25 km sq,0,,in Delian League
938,Terssogasseis,,,,0.25,,0,,not in Delian League
939,Thasthareis,37.593737,27.643214,,0.25,0-25 km sq,0,,in Delian League
940,Thydonos,,,,0.25,,0,,in Delian League
941,Tralleis,36.92857143,28.07142857,most barbarian,0.37,200-500 km sq,0,,not in Delian League
942,Phaselis,36.52280633,30.549049,most Greek,1.75,,0,,in Delian League
943,Xanthos,36.355934,29.31836,most barbarian,2.87,200-500 km sq,0,,not in Delian League
944,Allaria,35.376405,24.599822,most Greek,0.87,25-100 km sq,0,,not in Delian League
945,Anopolis,35.216576,24.091067,most Greek,0.87,25-100 km sq,0,,not in Delian League
946,Apellonia,35.404896,25.018525,most Greek,0.87,25-100 km sq,0,,not in Delian League
947,Aptara,35.46477025,24.1449764,most Greek,1.87,100-200 km sq,0,,not in Delian League
948,Arkades,35.080331,25.282439,most Greek,0.37,100-200 km sq,0,,not in Delian League
949,Aulon,35.0585608,24.9602992,most Greek,0.62,0-25 km sq,0,,not in Delian League
950,Axos,35.302424,24.840106,most Greek,2.12,25-100 km sq,0,no evidence of democracy,not in Delian League
951,Biannos,35.060832,25.402881,most Greek,1.12,25-100 km sq,0,,not in Delian League
952,Bionnos,35.149963,24.512052,most Greek,0.62,0-25 km sq,0,,not in Delian League
953,Chersonasos,35.319165,25.388567,most Greek,1.5,0-25 km sq,0,,not in Delian League
954,Datala,35.102226,25.340768,most Greek,2.25,,0,,not in Delian League
955,Dragmos,35.188402,26.161615,most Greek,0.75,0-25 km sq,0,,not in Delian League
956,Dreros,35.256232,25.629044,most Greek,2.5,25-100 km sq,0,,not in Delian League
957,Eleutherna,35.3322698,24.67524836,most Greek,3.62,100-200 km sq,0,,not in Delian League
958,Elytnia,35.25,25.16666667,most Greek,1,25-100 km sq,0,,not in Delian League
959,Elyros,35.283178,23.794048,most Greek,1.37,25-100 km sq,0,,not in Delian League
960,Gortyn,35.06272017,24.94694372,most Greek,7.75,200-500 km sq,0,,not in Delian League
961,Herakleion,35.33333333,25.16666667,most Greek,0.62,100-200 km sq,0,,not in Delian League
962,Hierpytna,35.010026,25.740363,most Greek,1.5,200-500 km sq,0,,not in Delian League
963,Hyrtakina,35.274179,23.73635,most Greek,1.25,25-100 km sq,0,,not in Delian League
964,Istron,35.118566,25.72338,most Greek,0.62,25-100 km sq,0,,not in Delian League
965,Itanos,35.2655385,26.263941,most Greek,1.87,100-200 km sq,0,,not in Delian League
966,Keraia,35.40465,23.963011,most Greek,0.62,0-25 km sq,0,,not in Delian League
967,Knosos,35.298097,25.161567,most Greek,2.37,200-500 km sq,0,,not in Delian League
968,Kydonia,35.515775,24.01869,most Greek,3,200-500 km sq,0,,not in Delian League
969,Kytaion,35.407779,24.878375,most Greek,0.62,0-25 km sq,0,,not in Delian League
970,Lappa,35.28658,24.336077,most Greek,1.5,100-200 km sq,0,no evidence of democracy,not in Delian League
971,Lato,35.17900013,25.65594237,most Greek,2.25,25-100 km sq,0,,not in Delian League
972,Lebena,34.933931,24.925981,most Greek,1,25-100 km sq,0,,not in Delian League
973,Lisos,35.27,23.74,most Greek,1.37,25-100 km sq,0,,not in Delian League
974,Lyktos,35.212883,25.37034,most Greek,3.37,200-500 km sq,0,,not in Delian League
975,Malla,35.083064,25.581903,most Greek,1,25-100 km sq,0,,not in Delian League
976,Matala,34.9935,24.751,most Greek,1,0-25 km sq,0,,not in Delian League
977,Milatos,35.316165,25.563637,most Greek,0.62,25-100 km sq,0,,not in Delian League
978,Olous,35.257679,25.738816,most Greek,2,100-200 km sq,0,,not in Delian League
979,Petra,35.25,26,most Greek,0.5,0-25 km sq,0,,not in Delian League
980,Phaistos,35.051208,24.813089,most Greek,2.37,25-100 km sq,0,,not in Delian League
981,Phalasarna,35.505997,23.5754855,most Greek,1.5,100-200 km sq,0,,not in Delian League
982,Polichne,35.487137,23.895571,most Greek,1,25-100 km sq,0,,not in Delian League
983,Polyrhen,35.466785,23.657098,most Greek,2,100-200 km sq,0,,not in Delian League
984,Praisos,35.141666,26.089695,most Greek,2.25,100-200 km sq,0,,not in Delian League
985,Priansos,35.045887,25.258393,most Greek,1.25,100-200 km sq,0,,not in Delian League
986,Rhaukos,35.228138,25.024828,most Greek,1,25-100 km sq,0,,not in Delian League
987,Rhithymnos,35.371092,24.472091,most Greek,1,100-200 km sq,0,,not in Delian League
988,Rhitten,35.006393,24.95067,most Greek,1.5,0-25 km sq,0,,not in Delian League
989,Stalai,35.04036665,25.969845,most Greek,0.87,0-25 km sq,0,,not in Delian League
990,Sybrita,35.25874,24.639291,most Greek,1.75,25-100 km sq,0,,not in Delian League
991,Tarrha,35.236215,23.970017,most Greek,1,25-100 km sq,0,,not in Delian League
992,Tylisos,35.295075,25.015797,most Greek,1.75,25-100 km sq,0,,not in Delian League
993,Brikindera,36.33333333,28.16666667,most Greek,0.75,,0,,in Delian League
994,Diakrioi,,,most Greek,0.37,,0,,in Delian League
995,Ialysos,36.41451,28.15629,most Greek,3.5,200-500 km sq,0,evidence of democracy,in Delian League
996,Kamiros,36.336185,27.921195,most Greek,3.62,200-500 km sq,0,evidence of democracy,in Delian League
997,Lindos,36.0912206,28.0882029,most Greek,5.12,500 km sq or more,2,evidence of democracy,in Delian League
998,Oiai,35.329926,25.215264,most Greek,0.37,,0,,in Delian League
999,Pedieis,,,most Greek,0.37,,0,,in Delian League
1000,Rhodos,36.440683,28.21672267,most Greek,7,500 km sq or more,3,evidence of democracy,not in Delian League
1001,Aspendos,36.9394094,31.17021537,most barbarian,2.25,200-500 km sq,0,,in Delian League
1002,Idyros,36.60261,30.559807,,1.5,,0,,in Delian League
1003,Perge,36.96000873,30.8530306,most barbarian,1.25,500 km sq or more,0,,in Delian League
1004,Side,36.772309,31.3940885,most barbarian,2.12,200-500 km sq,0,,not in Delian League
1005,Aphrodisias,36.157963,33.685873,,0.87,200-500 km sq,0,,not in Delian League
1006,Holmoi,36.3203745,33.8805755,most Greek,0.5,,0,,not in Delian League
1007,Issos,36.8402925,36.1950485,,0.75,,0,,not in Delian League
1008,Kelenderis,36.142487,33.318106,most Greek,0.75,,0,,in Delian League
1009,Mallos,36.7395805,35.453557,most barbarian,1,,0,,not in Delian League
1010,Nagidos,36.09551533,32.95064833,most Greek,0.75,,0,,not in Delian League
1011,Soloi,36.74005567,34.53922167,most Greek,1.5,200-500 km sq,0,evidence of democracy,not in Delian League
1012,Amathous,34.712264,33.13708095,most barbarian,1.25,500 km sq or more,0,no evidence of democracy,not in Delian League
1013,Idalion,35.01573665,33.42376815,most barbarian,1.5,500 km sq or more,0,no evidence of democracy,not in Delian League
1014,Karpasia,35.626206,34.369934,most Greek,0.62,500 km sq or more,0,,not in Delian League
1015,Keryneia,35.337334,33.321417,,0.37,500 km sq or more,0,,not in Delian League
1016,Kourion,34.6662275,32.883723,most Greek,0.62,500 km sq or more,0,no evidence of democracy,not in Delian League
1017,Lapethos,35.350592,33.202109,most barbarian,0.62,500 km sq or more,0,no evidence of democracy,not in Delian League
1018,Marion,35.037245,32.436032,most Greek,1,500 km sq or more,0,no evidence of democracy,not in Delian League
1019,Paphos,34.7053255,32.579086,most Greek,1.62,500 km sq or more,0,no evidence of democracy,not in Delian League
1020,Salamis,35.1799505,33.9030525,most Greek,1.75,500 km sq or more,0,no evidence of democracy,not in Delian League
1021,Soloi,35.138224,32.813067,most Greek,1,500 km sq or more,0,no evidence of democracy,not in Delian League
1022,Posideion,35.847777,35.824785,most barbarian,1,0-25 km sq,0,,not in Delian League
1023,Naukratis,30.900508,30.5919275,most barbarian,4.25,,0,,not in Delian League
1024,Oasis,,,most Greek,0.12,,0,,not in Delian League
1025,Barke,32.49965333,20.87174333,most Greek,2.5,200-500 km sq,0,no evidence of democracy,not in Delian League
1026,Euhesperides,32.109789,20.091198,most Greek,2.5,25-100 km sq,0,no evidence of democracy,not in Delian League
1027,Kinyps,32.527937,14.447329,most Greek,0.25,,0,,not in Delian League
1028,Kyrene,32.823041,21.85727,most Greek,7.37,500 km sq or more,3,evidence of democracy,not in Delian League
1029,Taucheira,32.53639933,20.56729767,most Greek,1.75,100-200 km sq,0,,not in Delian League
1030,Astraiousioi,,,most Greek,0.12,,0,,not in Delian League
1031,Erodioi,,,most Greek,0.25,,0,,in Delian League
1032,Eurymachitai,,,most Greek,0.25,,0,,in Delian League
1033,Kystiros,,,most Greek,0.37,,0,,in Delian League
1034,Lechoioi,,,most Greek,0.12,,0,,not in Delian League
1035,Phytaioi,,,most Greek,0.12,,0,,not in Delian League
